fecha,region,tmax_c,tmin_c,tmed_c
2022-01-01,Valle del Guadiana,36.5,19.5,29.0
2022-01-02,Valle del Guadiana,41.5,27.0,34.5
2022-01-03,Valle del Guadiana,44.0,28.4,36.1
2022-01-04,Valle del Guadiana,41.0,26.6,34.2
2022-01-05,Valle del Guadiana,37.1,21.8,29.1
2022-01-06,Valle del Guadiana,37.8,22.8,29.9
2022-01-07,Valle del Guadiana,38.7,24.4,33.4
2022-01-08,Valle del Guadiana,45.2,28.8,35.8
2022-01-09,Valle del Guadiana,32.9,20.7,26.4
2022-01-10,Valle del Guadiana,42.8,26.8,35.3
2022-01-11,Valle del Guadiana,42.8,26.5,35.3
2022-01-12,Valle del Guadiana,40.2,30.2,36.2
2022-01-13,Valle del Guadiana,39.8,26.3,33.2
2022-01-14,Valle del Guadiana,36.6,24.3,30.2
2022-01-15,Valle del Guadiana,39.1,25.1,32.1
2022-01-16,Valle del Guadiana,41.8,27.0,34.1
2022-01-17,Valle del Guadiana,40.2,23.4,31.9
2022-01-18,Valle del Guadiana,39.7,24.1,32.5
2022-01-19,Valle del Guadiana,42.4,26.8,32.5
2022-01-20,Valle del Guadiana,42.7,26.9,32.7
2022-01-21,Valle del Guadiana,38.9,29.0,34.1
2022-01-22,Valle del Guadiana,41.9,27.0,32.7
2022-01-23,Valle del Guadiana,42.3,26.4,32.9
2022-01-24,Valle del Guadiana,36.5,20.9,29.6
2022-01-25,Valle del Guadiana,38.4,22.7,31.3
2022-01-26,Valle del Guadiana,39.9,24.7,34.1
2022-01-27,Valle del Guadiana,43.3,27.0,35.0
2022-01-28,Valle del Guadiana,43.3,32.5,37.8
2022-01-29,Valle del Guadiana,40.2,25.4,32.6
2022-01-30,Valle del Guadiana,36.4,20.2,29.1
2022-01-31,Valle del Guadiana,38.0,25.3,31.5
2022-02-01,Valle del Guadiana,41.3,27.3,33.5
2022-02-02,Valle del Guadiana,41.2,25.8,32.8
2022-02-03,Valle del Guadiana,36.7,22.3,30.5
2022-02-04,Valle del Guadiana,37.8,22.5,30.2
2022-02-05,Valle del Guadiana,40.7,25.2,31.5
2022-02-06,Valle del Guadiana,38.6,24.2,30.9
2022-02-07,Valle del Guadiana,40.6,22.6,30.1
2022-02-08,Valle del Guadiana,42.1,26.5,32.8
2022-02-09,Valle del Guadiana,43.1,28.9,34.1
2022-02-10,Valle del Guadiana,40.3,23.6,31.1
2022-02-11,Valle del Guadiana,41.7,25.7,33.6
2022-02-12,Valle del Guadiana,38.0,22.1,29.8
2022-02-13,Valle del Guadiana,36.1,20.6,29.7
2022-02-14,Valle del Guadiana,41.1,26.7,33.6
2022-02-15,Valle del Guadiana,39.5,24.5,32.1
2022-02-16,Valle del Guadiana,34.8,23.2,29.4
2022-02-17,Valle del Guadiana,38.3,23.3,30.5
2022-02-18,Valle del Guadiana,36.6,21.2,27.8
2022-02-19,Valle del Guadiana,39.5,23.5,31.5
2022-02-20,Valle del Guadiana,36.2,25.7,30.7
2022-02-21,Valle del Guadiana,43.6,28.8,35.1
2022-02-22,Valle del Guadiana,40.6,23.7,33.0
2022-02-23,Valle del Guadiana,38.0,23.0,31.0
2022-02-24,Valle del Guadiana,35.1,19.5,26.6
2022-02-25,Valle del Guadiana,37.7,22.3,28.6
2022-02-26,Valle del Guadiana,34.1,20.8,27.3
2022-02-27,Valle del Guadiana,36.6,21.7,28.5
2022-02-28,Valle del Guadiana,39.4,22.3,31.1
2022-03-01,Valle del Guadiana,34.6,17.4,26.8
2022-03-02,Valle del Guadiana,36.2,22.2,30.2
2022-03-03,Valle del Guadiana,36.1,23.0,30.6
2022-03-04,Valle del Guadiana,35.6,22.6,27.7
2022-03-05,Valle del Guadiana,31.3,16.9,24.4
2022-03-06,Valle del Guadiana,32.0,13.8,24.5
2022-03-07,Valle del Guadiana,36.5,18.4,26.2
2022-03-08,Valle del Guadiana,39.2,21.4,30.0
2022-03-09,Valle del Guadiana,32.6,16.6,25.9
2022-03-10,Valle del Guadiana,37.1,23.1,30.2
2022-03-11,Valle del Guadiana,33.9,19.3,26.4
2022-03-12,Valle del Guadiana,38.0,20.5,29.7
2022-03-13,Valle del Guadiana,32.0,18.2,25.7
2022-03-14,Valle del Guadiana,32.4,16.2,25.3
2022-03-15,Valle del Guadiana,32.0,18.2,24.7
2022-03-16,Valle del Guadiana,31.1,16.7,23.6
2022-03-17,Valle del Guadiana,28.5,15.9,22.3
2022-03-18,Valle del Guadiana,32.2,20.5,26.3
2022-03-19,Valle del Guadiana,32.9,15.9,25.7
2022-03-20,Valle del Guadiana,32.6,16.2,24.9
2022-03-21,Valle del Guadiana,31.5,16.6,24.8
2022-03-22,Valle del Guadiana,28.9,17.2,23.4
2022-03-23,Valle del Guadiana,32.9,17.4,25.6
2022-03-24,Valle del Guadiana,32.6,18.5,25.6
2022-03-25,Valle del Guadiana,27.1,12.3,19.3
2022-03-26,Valle del Guadiana,29.4,16.9,22.8
2022-03-27,Valle del Guadiana,29.3,12.6,19.7
2022-03-28,Valle del Guadiana,29.7,13.9,21.8
2022-03-29,Valle del Guadiana,27.5,11.9,18.8
2022-03-30,Valle del Guadiana,28.3,11.1,19.7
2022-03-31,Valle del Guadiana,27.7,13.3,20.2
2022-04-01,Valle del Guadiana,24.3,10.3,17.6
2022-04-02,Valle del Guadiana,32.9,16.2,23.1
2022-04-03,Valle del Guadiana,29.1,12.3,20.3
2022-04-04,Valle del Guadiana,30.4,12.2,20.7
2022-04-05,Valle del Guadiana,21.6,7.4,15.0
2022-04-06,Valle del Guadiana,24.0,10.6,17.0
2022-04-07,Valle del Guadiana,25.3,12.2,18.7
2022-04-08,Valle del Guadiana,24.6,12.2,19.7
2022-04-09,Valle del Guadiana,29.6,15.6,20.1
2022-04-10,Valle del Guadiana,26.2,10.6,17.5
2022-04-11,Valle del Guadiana,26.7,8.8,17.0
2022-04-12,Valle del Guadiana,28.3,12.5,20.0
2022-04-13,Valle del Guadiana,22.6,7.0,15.5
2022-04-14,Valle del Guadiana,21.5,7.0,15.2
2022-04-15,Valle del Guadiana,23.6,11.0,16.8
2022-04-16,Valle del Guadiana,21.7,6.8,14.2
2022-04-17,Valle del Guadiana,22.6,5.9,14.7
2022-04-18,Valle del Guadiana,28.8,9.6,19.2
2022-04-19,Valle del Guadiana,26.2,12.3,18.6
2022-04-20,Valle del Guadiana,20.9,5.6,12.2
2022-04-21,Valle del Guadiana,23.9,11.3,15.0
2022-04-22,Valle del Guadiana,24.6,9.3,17.3
2022-04-23,Valle del Guadiana,24.6,9.0,18.4
2022-04-24,Valle del Guadiana,18.7,8.3,13.5
2022-04-25,Valle del Guadiana,22.2,8.5,14.5
2022-04-26,Valle del Guadiana,25.2,9.6,16.4
2022-04-27,Valle del Guadiana,16.5,0.4,7.8
2022-04-28,Valle del Guadiana,21.1,8.9,14.4
2022-04-29,Valle del Guadiana,17.0,3.4,11.3
2022-04-30,Valle del Guadiana,21.9,6.6,13.7
2022-05-01,Valle del Guadiana,18.3,5.3,12.4
2022-05-02,Valle del Guadiana,18.9,5.4,12.6
2022-05-03,Valle del Guadiana,12.5,-1.5,5.7
2022-05-04,Valle del Guadiana,20.2,5.9,12.8
2022-05-05,Valle del Guadiana,21.5,5.9,12.5
2022-05-06,Valle del Guadiana,17.1,0.4,7.4
2022-05-07,Valle del Guadiana,17.6,2.2,9.6
2022-05-08,Valle del Guadiana,17.6,4.2,11.9
2022-05-09,Valle del Guadiana,20.3,2.8,9.1
2022-05-10,Valle del Guadiana,15.3,2.8,9.7
2022-05-11,Valle del Guadiana,17.8,1.7,9.0
2022-05-12,Valle del Guadiana,17.3,0.2,7.5
2022-05-13,Valle del Guadiana,17.0,2.6,9.6
2022-05-14,Valle del Guadiana,12.6,-2.5,6.2
2022-05-15,Valle del Guadiana,13.4,-1.0,6.4
2022-05-16,Valle del Guadiana,17.0,0.7,7.2
2022-05-17,Valle del Guadiana,14.0,0.6,6.2
2022-05-18,Valle del Guadiana,12.1,-2.5,4.7
2022-05-19,Valle del Guadiana,13.2,-4.0,5.5
2022-05-20,Valle del Guadiana,12.0,-2.6,4.7
2022-05-21,Valle del Guadiana,12.5,-1.6,5.7
2022-05-22,Valle del Guadiana,14.4,2.3,7.4
2022-05-23,Valle del Guadiana,16.6,1.3,8.8
2022-05-24,Valle del Guadiana,13.6,0.7,7.4
2022-05-25,Valle del Guadiana,14.8,-0.1,6.9
2022-05-26,Valle del Guadiana,14.7,-2.3,6.1
2022-05-27,Valle del Guadiana,8.0,-4.4,2.1
2022-05-28,Valle del Guadiana,5.9,-10.4,-1.8
2022-05-29,Valle del Guadiana,9.0,-4.4,1.9
2022-05-30,Valle del Guadiana,9.7,-4.3,2.7
2022-05-31,Valle del Guadiana,11.5,-2.6,3.2
2022-06-01,Valle del Guadiana,12.3,-4.9,1.3
2022-06-02,Valle del Guadiana,6.9,-4.5,-0.3
2022-06-03,Valle del Guadiana,12.1,-3.3,3.2
2022-06-04,Valle del Guadiana,12.3,-4.6,2.6
2022-06-05,Valle del Guadiana,10.8,-5.1,2.4
2022-06-06,Valle del Guadiana,10.6,-4.1,4.8
2022-06-07,Valle del Guadiana,13.6,-2.4,5.7
2022-06-08,Valle del Guadiana,5.2,-9.5,-1.2
2022-06-09,Valle del Guadiana,6.7,-9.8,-2.6
2022-06-10,Valle del Guadiana,11.5,-3.7,4.5
2022-06-11,Valle del Guadiana,11.0,-6.6,1.1
2022-06-12,Valle del Guadiana,7.1,-8.5,-0.5
2022-06-13,Valle del Guadiana,8.9,-5.4,1.3
2022-06-14,Valle del Guadiana,8.5,-5.8,1.0
2022-06-15,Valle del Guadiana,9.0,-5.9,0.2
2022-06-16,Valle del Guadiana,10.8,-3.2,4.5
2022-06-17,Valle del Guadiana,6.2,-7.9,1.0
2022-06-18,Valle del Guadiana,6.3,-4.5,1.1
2022-06-19,Valle del Guadiana,1.5,-9.5,-4.0
2022-06-20,Valle del Guadiana,7.2,-8.4,-0.7
2022-06-21,Valle del Guadiana,10.2,-3.9,1.1
2022-06-22,Valle del Guadiana,5.9,-6.6,1.3
2022-06-23,Valle del Guadiana,7.9,-9.2,-1.4
2022-06-24,Valle del Guadiana,9.7,-4.1,3.1
2022-06-25,Valle del Guadiana,10.3,-4.2,2.4
2022-06-26,Valle del Guadiana,5.8,-9.0,-1.1
2022-06-27,Valle del Guadiana,2.6,-14.0,-6.1
2022-06-28,Valle del Guadiana,12.2,-1.1,4.8
2022-06-29,Valle del Guadiana,9.9,-9.4,-0.4
2022-06-30,Valle del Guadiana,8.5,-7.4,-0.6
2022-07-01,Valle del Guadiana,5.8,-10.0,-1.6
2022-07-02,Valle del Guadiana,7.5,-7.0,0.1
2022-07-03,Valle del Guadiana,5.1,-11.1,-2.0
2022-07-04,Valle del Guadiana,7.0,-7.2,0.4
2022-07-05,Valle del Guadiana,8.5,-7.0,0.2
2022-07-06,Valle del Guadiana,6.1,-10.4,-1.5
2022-07-07,Valle del Guadiana,10.7,-7.3,0.7
2022-07-08,Valle del Guadiana,3.7,-11.9,-3.8
2022-07-09,Valle del Guadiana,3.1,-9.2,-2.0
2022-07-10,Valle del Guadiana,2.3,-11.0,-3.7
2022-07-11,Valle del Guadiana,7.0,-9.4,-1.1
2022-07-12,Valle del Guadiana,6.0,-11.0,-4.1
2022-07-13,Valle del Guadiana,4.8,-7.4,-1.3
2022-07-14,Valle del Guadiana,0.3,-12.6,-6.4
2022-07-15,Valle del Guadiana,6.1,-8.7,-0.3
2022-07-16,Valle del Guadiana,11.2,-3.0,3.2
2022-07-17,Valle del Guadiana,9.8,-5.1,2.0
2022-07-18,Valle del Guadiana,6.6,-9.7,-1.6
2022-07-19,Valle del Guadiana,2.1,-13.8,-5.3
2022-07-20,Valle del Guadiana,6.1,-8.3,-2.3
2022-07-21,Valle del Guadiana,6.8,-9.2,-1.1
2022-07-22,Valle del Guadiana,5.0,-11.5,-3.5
2022-07-23,Valle del Guadiana,8.0,-6.8,1.2
2022-07-24,Valle del Guadiana,7.0,-8.2,-0.6
2022-07-25,Valle del Guadiana,7.0,-9.4,-1.0
2022-07-26,Valle del Guadiana,4.4,-11.7,-3.9
2022-07-27,Valle del Guadiana,4.1,-10.4,-2.6
2022-07-28,Valle del Guadiana,6.5,-8.6,-0.2
2022-07-29,Valle del Guadiana,5.5,-8.5,-1.2
2022-07-30,Valle del Guadiana,6.1,-9.3,-1.8
2022-07-31,Valle del Guadiana,3.6,-11.8,-4.9
2022-08-01,Valle del Guadiana,-0.5,-16.0,-7.2
2022-08-02,Valle del Guadiana,5.7,-12.4,-3.0
2022-08-03,Valle del Guadiana,4.4,-10.4,-3.8
2022-08-04,Valle del Guadiana,5.3,-11.6,-3.2
2022-08-05,Valle del Guadiana,11.7,-4.9,2.9
2022-08-06,Valle del Guadiana,5.5,-12.5,-3.7
2022-08-07,Valle del Guadiana,3.6,-8.4,-2.4
2022-08-08,Valle del Guadiana,10.7,-2.9,1.6
2022-08-09,Valle del Guadiana,10.2,-3.5,3.1
2022-08-10,Valle del Guadiana,9.7,-6.7,0.9
2022-08-11,Valle del Guadiana,9.9,-4.6,2.4
2022-08-12,Valle del Guadiana,7.8,-10.9,-2.0
2022-08-13,Valle del Guadiana,9.6,-6.8,1.6
2022-08-14,Valle del Guadiana,8.2,-5.3,0.9
2022-08-15,Valle del Guadiana,8.6,-6.0,2.6
2022-08-16,Valle del Guadiana,4.5,-8.8,-1.9
2022-08-17,Valle del Guadiana,10.7,-5.5,1.9
2022-08-18,Valle del Guadiana,4.0,-13.1,-4.9
2022-08-19,Valle del Guadiana,10.0,-6.7,1.9
2022-08-20,Valle del Guadiana,6.6,-6.7,0.1
2022-08-21,Valle del Guadiana,5.4,-8.8,-2.3
2022-08-22,Valle del Guadiana,9.8,-4.9,1.3
2022-08-23,Valle del Guadiana,8.1,-5.8,0.9
2022-08-24,Valle del Guadiana,7.6,-5.5,-0.0
2022-08-25,Valle del Guadiana,11.8,0.2,5.6
2022-08-26,Valle del Guadiana,9.3,-4.5,2.1
2022-08-27,Valle del Guadiana,6.0,-7.1,-1.6
2022-08-28,Valle del Guadiana,14.2,-0.5,4.6
2022-08-29,Valle del Guadiana,6.6,-9.3,-1.7
2022-08-30,Valle del Guadiana,11.7,-3.5,4.6
2022-08-31,Valle del Guadiana,13.2,-4.1,3.6
2022-09-01,Valle del Guadiana,8.1,-10.1,-0.9
2022-09-02,Valle del Guadiana,9.1,-6.3,1.7
2022-09-03,Valle del Guadiana,14.7,-0.1,5.6
2022-09-04,Valle del Guadiana,11.1,-2.9,3.8
2022-09-05,Valle del Guadiana,15.5,-0.7,7.5
2022-09-06,Valle del Guadiana,7.4,-8.6,-0.9
2022-09-07,Valle del Guadiana,10.5,-6.4,2.4
2022-09-08,Valle del Guadiana,10.6,-2.8,3.6
2022-09-09,Valle del Guadiana,11.8,-3.0,5.0
2022-09-10,Valle del Guadiana,13.1,-1.1,6.8
2022-09-11,Valle del Guadiana,15.2,-2.6,6.1
2022-09-12,Valle del Guadiana,11.2,-3.4,4.6
2022-09-13,Valle del Guadiana,11.1,-2.5,6.4
2022-09-14,Valle del Guadiana,13.9,-0.2,7.7
2022-09-15,Valle del Guadiana,11.8,-2.9,4.5
2022-09-16,Valle del Guadiana,12.5,2.1,7.0
2022-09-17,Valle del Guadiana,13.3,-2.0,6.8
2022-09-18,Valle del Guadiana,16.0,1.3,8.5
2022-09-19,Valle del Guadiana,14.5,-2.6,5.3
2022-09-20,Valle del Guadiana,13.5,-2.6,5.4
2022-09-21,Valle del Guadiana,14.7,1.8,9.0
2022-09-22,Valle del Guadiana,15.3,2.5,8.9
2022-09-23,Valle del Guadiana,16.0,0.2,9.7
2022-09-24,Valle del Guadiana,14.9,-2.1,6.2
2022-09-25,Valle del Guadiana,15.3,0.3,7.5
2022-09-26,Valle del Guadiana,19.5,5.2,12.1
2022-09-27,Valle del Guadiana,14.8,-2.0,7.9
2022-09-28,Valle del Guadiana,17.3,1.9,9.1
2022-09-29,Valle del Guadiana,13.3,-4.4,5.1
2022-09-30,Valle del Guadiana,13.9,-0.8,7.5
2022-10-01,Valle del Guadiana,12.4,-3.7,7.2
2022-10-02,Valle del Guadiana,19.3,2.8,10.5
2022-10-03,Valle del Guadiana,18.4,2.3,11.3
2022-10-04,Valle del Guadiana,21.9,5.3,12.6
2022-10-05,Valle del Guadiana,22.3,4.2,14.2
2022-10-06,Valle del Guadiana,16.8,4.4,10.6
2022-10-07,Valle del Guadiana,16.7,0.6,8.7
2022-10-08,Valle del Guadiana,21.2,5.8,13.4
2022-10-09,Valle del Guadiana,24.3,8.5,16.7
2022-10-10,Valle del Guadiana,18.7,5.6,12.2
2022-10-11,Valle del Guadiana,21.9,5.9,14.4
2022-10-12,Valle del Guadiana,20.5,6.5,14.1
2022-10-13,Valle del Guadiana,24.1,7.2,15.8
2022-10-14,Valle del Guadiana,22.5,9.1,16.2
2022-10-15,Valle del Guadiana,22.8,5.8,14.2
2022-10-16,Valle del Guadiana,22.9,8.7,16.3
2022-10-17,Valle del Guadiana,23.7,7.8,15.8
2022-10-18,Valle del Guadiana,24.8,6.2,16.1
2022-10-19,Valle del Guadiana,20.2,6.5,13.7
2022-10-20,Valle del Guadiana,20.7,6.0,15.2
2022-10-21,Valle del Guadiana,24.8,10.6,16.6
2022-10-22,Valle del Guadiana,25.9,10.9,18.4
2022-10-23,Valle del Guadiana,23.2,6.7,15.6
2022-10-24,Valle del Guadiana,24.3,8.5,17.3
2022-10-25,Valle del Guadiana,20.4,9.8,15.5
2022-10-26,Valle del Guadiana,25.1,10.2,17.4
2022-10-27,Valle del Guadiana,28.7,12.7,20.1
2022-10-28,Valle del Guadiana,26.0,10.9,19.1
2022-10-29,Valle del Guadiana,23.5,10.3,16.0
2022-10-30,Valle del Guadiana,26.4,9.7,18.4
2022-10-31,Valle del Guadiana,29.9,15.7,21.3
2022-11-01,Valle del Guadiana,27.5,11.3,19.1
2022-11-02,Valle del Guadiana,23.1,11.6,17.0
2022-11-03,Valle del Guadiana,29.7,15.6,22.2
2022-11-04,Valle del Guadiana,27.9,14.5,19.3
2022-11-05,Valle del Guadiana,29.6,15.5,22.7
2022-11-06,Valle del Guadiana,33.4,18.5,24.6
2022-11-07,Valle del Guadiana,27.3,11.5,20.2
2022-11-08,Valle del Guadiana,33.9,17.1,24.0
2022-11-09,Valle del Guadiana,30.8,18.0,21.8
2022-11-10,Valle del Guadiana,30.9,15.3,24.3
2022-11-11,Valle del Guadiana,33.5,17.3,25.8
2022-11-12,Valle del Guadiana,30.0,15.9,23.8
2022-11-13,Valle del Guadiana,34.0,16.8,24.9
2022-11-14,Valle del Guadiana,28.5,12.9,21.9
2022-11-15,Valle del Guadiana,32.3,17.1,23.2
2022-11-16,Valle del Guadiana,36.0,20.6,27.0
2022-11-17,Valle del Guadiana,32.8,18.0,24.9
2022-11-18,Valle del Guadiana,33.0,18.6,25.2
2022-11-19,Valle del Guadiana,30.5,15.3,23.1
2022-11-20,Valle del Guadiana,32.0,15.9,23.1
2022-11-21,Valle del Guadiana,36.6,18.9,26.4
2022-11-22,Valle del Guadiana,31.8,15.7,25.5
2022-11-23,Valle del Guadiana,33.2,20.1,27.3
2022-11-24,Valle del Guadiana,32.2,19.0,26.6
2022-11-25,Valle del Guadiana,35.5,20.4,27.4
2022-11-26,Valle del Guadiana,40.0,26.7,32.9
2022-11-27,Valle del Guadiana,35.6,21.1,27.7
2022-11-28,Valle del Guadiana,35.1,18.8,27.2
2022-11-29,Valle del Guadiana,33.9,19.5,27.0
2022-11-30,Valle del Guadiana,35.1,17.7,26.6
2022-12-01,Valle del Guadiana,37.0,19.4,28.5
2022-12-02,Valle del Guadiana,36.7,21.0,28.9
2022-12-03,Valle del Guadiana,35.3,18.5,28.5
2022-12-04,Valle del Guadiana,38.7,25.1,31.4
2022-12-05,Valle del Guadiana,36.4,21.9,30.7
2022-12-06,Valle del Guadiana,34.3,19.1,25.4
2022-12-07,Valle del Guadiana,42.2,26.8,33.6
2022-12-08,Valle del Guadiana,36.5,22.2,30.8
2022-12-09,Valle del Guadiana,35.3,20.2,28.5
2022-12-10,Valle del Guadiana,40.0,23.5,30.7
2022-12-11,Valle del Guadiana,37.4,26.9,32.6
2022-12-12,Valle del Guadiana,41.7,26.6,33.3
2022-12-13,Valle del Guadiana,39.2,23.2,31.5
2022-12-14,Valle del Guadiana,39.8,23.8,33.2
2022-12-15,Valle del Guadiana,34.4,21.9,27.7
2022-12-16,Valle del Guadiana,36.6,23.6,29.9
2022-12-17,Valle del Guadiana,37.2,22.2,30.2
2022-12-18,Valle del Guadiana,35.7,23.2,29.2
2022-12-19,Valle del Guadiana,36.7,16.8,27.6
2022-12-20,Valle del Guadiana,37.7,21.7,28.6
2022-12-21,Valle del Guadiana,42.9,27.4,33.4
2022-12-22,Valle del Guadiana,36.4,20.8,27.7
2022-12-23,Valle del Guadiana,42.3,25.0,31.7
2022-12-24,Valle del Guadiana,38.7,23.5,32.0
2022-12-25,Valle del Guadiana,40.6,24.7,31.8
2022-12-26,Valle del Guadiana,37.7,20.9,29.4
2022-12-27,Valle del Guadiana,42.2,25.9,33.7
2022-12-28,Valle del Guadiana,37.3,24.4,31.1
2022-12-29,Valle del Guadiana,40.5,24.2,33.0
2022-12-30,Valle del Guadiana,37.3,24.1,30.3
2022-12-31,Valle del Guadiana,42.3,26.7,33.1
2023-01-01,Valle del Guadiana,40.0,24.4,31.7
2023-01-02,Valle del Guadiana,37.6,21.2,29.7
2023-01-03,Valle del Guadiana,37.2,21.7,30.8
2023-01-04,Valle del Guadiana,44.2,28.0,35.3
2023-01-05,Valle del Guadiana,43.6,24.4,34.6
2023-01-06,Valle del Guadiana,40.9,24.4,32.0
2023-01-07,Valle del Guadiana,39.9,25.1,32.1
2023-01-08,Valle del Guadiana,37.7,25.8,32.0
2023-01-09,Valle del Guadiana,43.3,29.8,34.7
2023-01-10,Valle del Guadiana,39.3,23.8,31.0
2023-01-11,Valle del Guadiana,37.9,22.7,29.5
2023-01-12,Valle del Guadiana,43.2,27.4,36.7
2023-01-13,Valle del Guadiana,36.8,24.0,30.9
2023-01-14,Valle del Guadiana,41.4,25.1,34.1
2023-01-15,Valle del Guadiana,43.2,26.3,33.0
2023-01-16,Valle del Guadiana,40.7,24.1,34.3
2023-01-17,Valle del Guadiana,40.9,26.7,32.7
2023-01-18,Valle del Guadiana,39.7,24.1,32.9
2023-01-19,Valle del Guadiana,43.5,26.5,34.9
2023-01-20,Valle del Guadiana,38.1,22.6,28.4
2023-01-21,Valle del Guadiana,38.1,26.6,31.1
2023-01-22,Valle del Guadiana,42.6,28.7,35.3
2023-01-23,Valle del Guadiana,41.5,25.2,34.6
2023-01-24,Valle del Guadiana,41.1,25.6,31.9
2023-01-25,Valle del Guadiana,39.3,22.0,30.2
2023-01-26,Valle del Guadiana,42.8,26.0,33.7
2023-01-27,Valle del Guadiana,40.6,24.2,34.7
2023-01-28,Valle del Guadiana,34.5,20.1,29.5
2023-01-29,Valle del Guadiana,39.8,25.6,32.6
2023-01-30,Valle del Guadiana,39.7,22.0,31.1
2023-01-31,Valle del Guadiana,36.9,24.6,31.1
2023-02-01,Valle del Guadiana,40.1,27.2,33.4
2023-02-02,Valle del Guadiana,36.3,21.6,29.1
2023-02-03,Valle del Guadiana,43.2,27.4,34.3
2023-02-04,Valle del Guadiana,43.7,29.0,35.7
2023-02-05,Valle del Guadiana,41.9,24.2,32.1
2023-02-06,Valle del Guadiana,37.8,22.5,30.3
2023-02-07,Valle del Guadiana,39.3,26.2,32.3
2023-02-08,Valle del Guadiana,38.0,20.2,29.2
2023-02-09,Valle del Guadiana,37.4,23.2,30.2
2023-02-10,Valle del Guadiana,34.8,22.0,27.7
2023-02-11,Valle del Guadiana,40.4,29.1,33.4
2023-02-12,Valle del Guadiana,36.6,23.6,29.7
2023-02-13,Valle del Guadiana,40.5,23.9,32.9
2023-02-14,Valle del Guadiana,37.5,19.3,28.4
2023-02-15,Valle del Guadiana,40.4,25.1,33.9
2023-02-16,Valle del Guadiana,33.8,19.9,27.8
2023-02-17,Valle del Guadiana,36.0,23.9,31.6
2023-02-18,Valle del Guadiana,39.0,23.6,31.8
2023-02-19,Valle del Guadiana,40.3,23.1,31.5
2023-02-20,Valle del Guadiana,38.7,24.1,31.8
2023-02-21,Valle del Guadiana,35.6,20.1,28.5
2023-02-22,Valle del Guadiana,40.7,25.9,32.9
2023-02-23,Valle del Guadiana,37.2,23.4,29.3
2023-02-24,Valle del Guadiana,35.0,19.5,28.2
2023-02-25,Valle del Guadiana,34.4,20.2,27.4
2023-02-26,Valle del Guadiana,34.9,20.5,27.2
2023-02-27,Valle del Guadiana,39.4,22.5,31.3
2023-02-28,Valle del Guadiana,38.3,23.1,30.1
2023-03-01,Valle del Guadiana,37.5,20.9,29.0
2023-03-02,Valle del Guadiana,37.0,20.5,29.5
2023-03-03,Valle del Guadiana,39.7,24.9,32.2
2023-03-04,Valle del Guadiana,34.7,19.2,27.9
2023-03-05,Valle del Guadiana,36.8,20.5,30.2
2023-03-06,Valle del Guadiana,30.7,15.2,23.6
2023-03-07,Valle del Guadiana,37.9,23.2,31.8
2023-03-08,Valle del Guadiana,35.8,23.9,28.8
2023-03-09,Valle del Guadiana,34.2,20.7,27.7
2023-03-10,Valle del Guadiana,34.3,17.5,24.3
2023-03-11,Valle del Guadiana,36.1,20.4,27.3
2023-03-12,Valle del Guadiana,34.6,17.8,25.7
2023-03-13,Valle del Guadiana,34.2,18.2,26.7
2023-03-14,Valle del Guadiana,30.6,13.8,22.3
2023-03-15,Valle del Guadiana,35.9,19.1,27.5
2023-03-16,Valle del Guadiana,27.1,10.1,19.4
2023-03-17,Valle del Guadiana,35.0,21.5,28.2
2023-03-18,Valle del Guadiana,33.9,19.5,26.6
2023-03-19,Valle del Guadiana,36.2,19.1,28.0
2023-03-20,Valle del Guadiana,30.7,16.5,23.0
2023-03-21,Valle del Guadiana,30.0,13.7,21.4
2023-03-22,Valle del Guadiana,30.5,14.9,23.7
2023-03-23,Valle del Guadiana,27.6,13.9,21.4
2023-03-24,Valle del Guadiana,27.4,12.1,20.1
2023-03-25,Valle del Guadiana,30.9,16.4,23.7
2023-03-26,Valle del Guadiana,29.9,14.2,20.6
2023-03-27,Valle del Guadiana,28.1,11.9,20.1
2023-03-28,Valle del Guadiana,26.7,12.2,19.8
2023-03-29,Valle del Guadiana,27.4,8.2,18.6
2023-03-30,Valle del Guadiana,28.4,13.7,19.8
2023-03-31,Valle del Guadiana,30.8,16.8,24.4
2023-04-01,Valle del Guadiana,27.6,10.7,18.7
2023-04-02,Valle del Guadiana,26.7,13.5,19.4
2023-04-03,Valle del Guadiana,25.0,12.1,20.3
2023-04-04,Valle del Guadiana,28.0,12.1,18.7
2023-04-05,Valle del Guadiana,24.5,11.9,18.5
2023-04-06,Valle del Guadiana,25.5,10.9,18.0
2023-04-07,Valle del Guadiana,30.9,16.3,23.1
2023-04-08,Valle del Guadiana,25.3,14.2,20.0
2023-04-09,Valle del Guadiana,23.2,6.8,14.3
2023-04-10,Valle del Guadiana,23.6,9.4,16.4
2023-04-11,Valle del Guadiana,25.5,9.4,18.2
2023-04-12,Valle del Guadiana,25.0,9.2,17.0
2023-04-13,Valle del Guadiana,22.0,7.1,16.4
2023-04-14,Valle del Guadiana,24.6,7.7,15.9
2023-04-15,Valle del Guadiana,21.5,7.1,15.4
2023-04-16,Valle del Guadiana,23.4,7.5,15.1
2023-04-17,Valle del Guadiana,23.6,9.5,16.1
2023-04-18,Valle del Guadiana,21.8,8.4,15.6
2023-04-19,Valle del Guadiana,21.7,4.5,14.4
2023-04-20,Valle del Guadiana,20.9,5.1,13.1
2023-04-21,Valle del Guadiana,25.7,11.4,17.4
2023-04-22,Valle del Guadiana,22.4,10.3,16.9
2023-04-23,Valle del Guadiana,23.6,11.3,16.3
2023-04-24,Valle del Guadiana,22.4,8.6,14.7
2023-04-25,Valle del Guadiana,23.0,6.7,13.9
2023-04-26,Valle del Guadiana,19.3,4.7,10.9
2023-04-27,Valle del Guadiana,14.8,2.8,11.5
2023-04-28,Valle del Guadiana,16.8,0.9,9.0
2023-04-29,Valle del Guadiana,21.4,4.2,13.6
2023-04-30,Valle del Guadiana,20.3,2.8,11.5
2023-05-01,Valle del Guadiana,17.4,4.2,11.7
2023-05-02,Valle del Guadiana,19.6,5.8,13.8
2023-05-03,Valle del Guadiana,16.6,2.8,10.4
2023-05-04,Valle del Guadiana,23.4,4.1,13.3
2023-05-05,Valle del Guadiana,13.2,-3.1,5.8
2023-05-06,Valle del Guadiana,17.6,1.5,9.4
2023-05-07,Valle del Guadiana,17.4,2.9,10.2
2023-05-08,Valle del Guadiana,21.1,2.7,11.1
2023-05-09,Valle del Guadiana,18.6,4.0,11.4
2023-05-10,Valle del Guadiana,18.5,3.3,11.2
2023-05-11,Valle del Guadiana,15.0,-3.1,6.4
2023-05-12,Valle del Guadiana,17.5,1.8,8.5
2023-05-13,Valle del Guadiana,17.6,5.1,11.2
2023-05-14,Valle del Guadiana,15.7,0.1,9.5
2023-05-15,Valle del Guadiana,17.6,3.6,11.2
2023-05-16,Valle del Guadiana,15.8,0.2,9.3
2023-05-17,Valle del Guadiana,14.5,0.1,7.7
2023-05-18,Valle del Guadiana,15.4,-0.5,7.5
2023-05-19,Valle del Guadiana,13.5,-0.8,5.6
2023-05-20,Valle del Guadiana,13.2,-0.9,6.3
2023-05-21,Valle del Guadiana,17.5,1.4,10.3
2023-05-22,Valle del Guadiana,12.1,-1.8,4.5
2023-05-23,Valle del Guadiana,17.2,1.9,9.3
2023-05-24,Valle del Guadiana,11.5,-3.4,4.4
2023-05-25,Valle del Guadiana,12.0,-2.9,4.8
2023-05-26,Valle del Guadiana,13.2,-1.0,5.0
2023-05-27,Valle del Guadiana,11.3,-3.6,4.0
2023-05-28,Valle del Guadiana,9.7,-3.7,3.9
2023-05-29,Valle del Guadiana,9.2,-1.1,5.2
2023-05-30,Valle del Guadiana,12.0,-1.7,5.0
2023-05-31,Valle del Guadiana,9.4,-8.4,1.3
2023-06-01,Valle del Guadiana,14.1,-2.7,5.0
2023-06-02,Valle del Guadiana,13.7,0.5,6.9
2023-06-03,Valle del Guadiana,8.9,-6.1,1.9
2023-06-04,Valle del Guadiana,11.9,-1.5,3.7
2023-06-05,Valle del Guadiana,8.0,-6.7,0.5
2023-06-06,Valle del Guadiana,9.2,-3.9,3.4
2023-06-07,Valle del Guadiana,14.1,-2.0,6.1
2023-06-08,Valle del Guadiana,9.0,-5.3,2.2
2023-06-09,Valle del Guadiana,4.8,-7.1,-1.3
2023-06-10,Valle del Guadiana,6.1,-9.2,-0.5
2023-06-11,Valle del Guadiana,8.9,-7.2,1.2
2023-06-12,Valle del Guadiana,9.3,-8.4,1.1
2023-06-13,Valle del Guadiana,7.7,-8.5,-0.9
2023-06-14,Valle del Guadiana,4.7,-10.7,-2.6
2023-06-15,Valle del Guadiana,11.1,-4.7,2.6
2023-06-16,Valle del Guadiana,12.1,-0.0,5.1
2023-06-17,Valle del Guadiana,7.3,-8.6,-0.6
2023-06-18,Valle del Guadiana,3.6,-11.1,-3.3
2023-06-19,Valle del Guadiana,11.1,-4.4,3.5
2023-06-20,Valle del Guadiana,5.4,-8.6,-1.6
2023-06-21,Valle del Guadiana,5.8,-7.7,-1.0
2023-06-22,Valle del Guadiana,4.9,-8.7,-2.0
2023-06-23,Valle del Guadiana,3.8,-11.1,-1.8
2023-06-24,Valle del Guadiana,7.9,-5.8,1.6
2023-06-25,Valle del Guadiana,5.1,-10.0,-2.1
2023-06-26,Valle del Guadiana,8.2,-8.1,1.2
2023-06-27,Valle del Guadiana,7.3,-6.3,1.2
2023-06-28,Valle del Guadiana,4.0,-11.4,-3.3
2023-06-29,Valle del Guadiana,8.2,-8.8,-0.5
2023-06-30,Valle del Guadiana,8.2,-8.0,1.3
2023-07-01,Valle del Guadiana,12.0,-5.1,1.9
2023-07-02,Valle del Guadiana,7.9,-6.6,-1.2
2023-07-03,Valle del Guadiana,5.6,-9.5,-2.1
2023-07-04,Valle del Guadiana,8.1,-7.8,-0.5
2023-07-05,Valle del Guadiana,8.9,-7.8,1.5
2023-07-06,Valle del Guadiana,3.1,-11.2,-2.0
2023-07-07,Valle del Guadiana,5.7,-8.5,-0.3
2023-07-08,Valle del Guadiana,5.2,-10.4,-1.1
2023-07-09,Valle del Guadiana,5.9,-10.5,-1.9
2023-07-10,Valle del Guadiana,4.2,-10.1,-3.3
2023-07-11,Valle del Guadiana,7.5,-7.0,-0.2
2023-07-12,Valle del Guadiana,7.7,-9.4,-1.9
2023-07-13,Valle del Guadiana,5.2,-12.0,-3.2
2023-07-14,Valle del Guadiana,4.2,-11.3,-3.3
2023-07-15,Valle del Guadiana,7.6,-6.7,-0.4
2023-07-16,Valle del Guadiana,-0.5,-11.2,-6.3
2023-07-17,Valle del Guadiana,6.6,-9.0,-2.5
2023-07-18,Valle del Guadiana,9.4,-5.2,2.8
2023-07-19,Valle del Guadiana,4.9,-9.5,-2.9
2023-07-20,Valle del Guadiana,8.4,-9.4,-1.2
2023-07-21,Valle del Guadiana,9.2,-4.6,2.3
2023-07-22,Valle del Guadiana,1.8,-15.1,-4.6
2023-07-23,Valle del Guadiana,1.3,-12.8,-5.4
2023-07-24,Valle del Guadiana,-1.3,-14.7,-7.5
2023-07-25,Valle del Guadiana,5.0,-9.5,-2.3
2023-07-26,Valle del Guadiana,3.6,-11.7,-1.3
2023-07-27,Valle del Guadiana,4.2,-11.2,-2.5
2023-07-28,Valle del Guadiana,10.6,-4.3,3.2
2023-07-29,Valle del Guadiana,5.8,-6.9,-0.9
2023-07-30,Valle del Guadiana,7.8,-7.8,0.1
2023-07-31,Valle del Guadiana,7.6,-8.4,0.6
2023-08-01,Valle del Guadiana,9.3,-2.5,2.1
2023-08-02,Valle del Guadiana,1.6,-11.8,-3.5
2023-08-03,Valle del Guadiana,5.9,-11.3,-1.4
2023-08-04,Valle del Guadiana,7.3,-8.4,-0.9
2023-08-05,Valle del Guadiana,9.6,-5.2,1.8
2023-08-06,Valle del Guadiana,8.4,-6.6,1.7
2023-08-07,Valle del Guadiana,4.0,-12.7,-3.7
2023-08-08,Valle del Guadiana,9.3,-7.1,1.5
2023-08-09,Valle del Guadiana,7.4,-10.4,-2.6
2023-08-10,Valle del Guadiana,7.5,-3.9,1.0
2023-08-11,Valle del Guadiana,6.2,-7.8,-1.1
2023-08-12,Valle del Guadiana,6.1,-8.3,-1.2
2023-08-13,Valle del Guadiana,3.3,-10.7,-2.8
2023-08-14,Valle del Guadiana,5.7,-8.9,-2.9
2023-08-15,Valle del Guadiana,12.3,-3.5,5.2
2023-08-16,Valle del Guadiana,7.2,-7.2,-0.1
2023-08-17,Valle del Guadiana,9.7,-3.1,2.9
2023-08-18,Valle del Guadiana,9.1,-7.3,0.1
2023-08-19,Valle del Guadiana,9.5,-5.3,2.9
2023-08-20,Valle del Guadiana,6.6,-8.8,-0.9
2023-08-21,Valle del Guadiana,6.8,-9.5,-1.3
2023-08-22,Valle del Guadiana,9.5,-6.9,1.4
2023-08-23,Valle del Guadiana,8.6,-6.6,0.4
2023-08-24,Valle del Guadiana,10.2,-6.5,1.5
2023-08-25,Valle del Guadiana,10.4,-5.4,2.3
2023-08-26,Valle del Guadiana,8.9,-9.4,2.1
2023-08-27,Valle del Guadiana,10.2,-6.9,1.8
2023-08-28,Valle del Guadiana,6.7,-6.7,1.3
2023-08-29,Valle del Guadiana,11.3,-3.1,4.9
2023-08-30,Valle del Guadiana,9.2,-4.9,2.1
2023-08-31,Valle del Guadiana,6.9,-8.2,0.3
2023-09-01,Valle del Guadiana,10.2,-8.4,1.7
2023-09-02,Valle del Guadiana,8.6,-6.2,1.1
2023-09-03,Valle del Guadiana,15.6,-0.3,6.4
2023-09-04,Valle del Guadiana,9.0,-5.2,3.1
2023-09-05,Valle del Guadiana,14.7,-3.2,5.4
2023-09-06,Valle del Guadiana,12.0,-0.9,6.5
2023-09-07,Valle del Guadiana,12.5,-2.1,5.7
2023-09-08,Valle del Guadiana,15.3,0.4,7.3
2023-09-09,Valle del Guadiana,11.7,-3.3,5.3
2023-09-10,Valle del Guadiana,10.5,-5.2,2.7
2023-09-11,Valle del Guadiana,14.1,-2.0,5.9
2023-09-12,Valle del Guadiana,14.3,1.2,6.9
2023-09-13,Valle del Guadiana,14.0,-1.6,5.2
2023-09-14,Valle del Guadiana,9.0,-4.9,4.2
2023-09-15,Valle del Guadiana,12.7,-0.8,4.8
2023-09-16,Valle del Guadiana,12.8,-3.1,6.8
2023-09-17,Valle del Guadiana,13.3,-1.0,6.3
2023-09-18,Valle del Guadiana,17.5,1.1,7.7
2023-09-19,Valle del Guadiana,14.0,-2.6,6.6
2023-09-20,Valle del Guadiana,17.9,2.5,9.6
2023-09-21,Valle del Guadiana,18.3,2.7,9.4
2023-09-22,Valle del Guadiana,14.1,0.1,6.6
2023-09-23,Valle del Guadiana,14.4,-0.0,7.3
2023-09-24,Valle del Guadiana,14.2,-1.6,8.0
2023-09-25,Valle del Guadiana,16.3,1.5,7.5
2023-09-26,Valle del Guadiana,15.8,2.3,8.5
2023-09-27,Valle del Guadiana,19.7,5.8,12.6
2023-09-28,Valle del Guadiana,18.5,3.4,12.2
2023-09-29,Valle del Guadiana,14.3,-0.8,7.3
2023-09-30,Valle del Guadiana,15.3,2.4,8.6
2023-10-01,Valle del Guadiana,17.5,3.1,11.2
2023-10-02,Valle del Guadiana,19.4,4.5,11.9
2023-10-03,Valle del Guadiana,18.0,4.4,12.7
2023-10-04,Valle del Guadiana,23.5,5.9,13.3
2023-10-05,Valle del Guadiana,21.0,7.7,13.9
2023-10-06,Valle del Guadiana,19.2,5.3,12.0
2023-10-07,Valle del Guadiana,21.8,5.4,14.3
2023-10-08,Valle del Guadiana,20.8,6.9,13.9
2023-10-09,Valle del Guadiana,18.9,4.4,12.5
2023-10-10,Valle del Guadiana,20.9,7.1,14.2
2023-10-11,Valle del Guadiana,18.6,6.9,13.8
2023-10-12,Valle del Guadiana,17.6,4.9,10.5
2023-10-13,Valle del Guadiana,21.1,7.7,14.7
2023-10-14,Valle del Guadiana,20.2,7.3,13.1
2023-10-15,Valle del Guadiana,20.1,5.2,13.2
2023-10-16,Valle del Guadiana,21.7,6.4,13.8
2023-10-17,Valle del Guadiana,21.1,7.0,13.7
2023-10-18,Valle del Guadiana,23.5,7.1,16.5
2023-10-19,Valle del Guadiana,24.0,7.3,15.9
2023-10-20,Valle del Guadiana,22.8,10.6,16.1
2023-10-21,Valle del Guadiana,26.3,11.6,18.8
2023-10-22,Valle del Guadiana,23.9,4.8,14.7
2023-10-23,Valle del Guadiana,28.7,14.2,20.5
2023-10-24,Valle del Guadiana,26.6,13.0,18.3
2023-10-25,Valle del Guadiana,24.7,13.2,19.2
2023-10-26,Valle del Guadiana,27.9,15.0,20.4
2023-10-27,Valle del Guadiana,22.9,8.6,14.8
2023-10-28,Valle del Guadiana,26.6,10.0,18.9
2023-10-29,Valle del Guadiana,28.5,13.3,21.2
2023-10-30,Valle del Guadiana,24.0,11.3,17.3
2023-10-31,Valle del Guadiana,32.5,15.9,24.3
2023-11-01,Valle del Guadiana,26.4,11.3,19.4
2023-11-02,Valle del Guadiana,29.2,15.9,23.2
2023-11-03,Valle del Guadiana,28.0,13.0,21.2
2023-11-04,Valle del Guadiana,29.7,15.4,21.4
2023-11-05,Valle del Guadiana,31.3,15.9,23.4
2023-11-06,Valle del Guadiana,27.7,13.1,21.6
2023-11-07,Valle del Guadiana,28.2,13.0,20.1
2023-11-08,Valle del Guadiana,32.6,20.4,24.2
2023-11-09,Valle del Guadiana,25.9,10.9,18.7
2023-11-10,Valle del Guadiana,26.1,12.7,20.1
2023-11-11,Valle del Guadiana,29.2,17.2,21.4
2023-11-12,Valle del Guadiana,29.2,16.6,23.6
2023-11-13,Valle del Guadiana,28.9,15.0,20.8
2023-11-14,Valle del Guadiana,30.5,16.1,22.5
2023-11-15,Valle del Guadiana,28.6,14.9,22.0
2023-11-16,Valle del Guadiana,30.1,16.3,23.3
2023-11-17,Valle del Guadiana,33.3,17.5,25.9
2023-11-18,Valle del Guadiana,31.9,18.8,26.7
2023-11-19,Valle del Guadiana,32.4,17.6,24.3
2023-11-20,Valle del Guadiana,33.3,18.9,24.7
2023-11-21,Valle del Guadiana,32.1,18.1,25.1
2023-11-22,Valle del Guadiana,37.4,22.3,29.7
2023-11-23,Valle del Guadiana,31.2,14.8,24.0
2023-11-24,Valle del Guadiana,30.9,14.8,23.7
2023-11-25,Valle del Guadiana,31.6,17.7,25.7
2023-11-26,Valle del Guadiana,34.0,18.6,24.9
2023-11-27,Valle del Guadiana,37.9,21.7,28.3
2023-11-28,Valle del Guadiana,39.1,22.8,29.9
2023-11-29,Valle del Guadiana,38.2,22.9,29.4
2023-11-30,Valle del Guadiana,34.9,19.6,28.9
2023-12-01,Valle del Guadiana,34.4,20.6,26.9
2023-12-02,Valle del Guadiana,34.2,20.3,27.0
2023-12-03,Valle del Guadiana,32.2,19.9,27.3
2023-12-04,Valle del Guadiana,40.1,25.5,31.6
2023-12-05,Valle del Guadiana,38.0,21.4,29.4
2023-12-06,Valle del Guadiana,35.1,19.1,26.2
2023-12-07,Valle del Guadiana,35.1,19.8,27.2
2023-12-08,Valle del Guadiana,37.4,20.2,27.2
2023-12-09,Valle del Guadiana,36.1,19.9,28.9
2023-12-10,Valle del Guadiana,39.2,22.8,30.3
2023-12-11,Valle del Guadiana,40.9,26.9,32.6
2023-12-12,Valle del Guadiana,36.6,20.5,28.8
2023-12-13,Valle del Guadiana,34.0,21.2,28.2
2023-12-14,Valle del Guadiana,38.0,24.0,31.0
2023-12-15,Valle del Guadiana,39.3,25.3,32.2
2023-12-16,Valle del Guadiana,40.2,24.6,32.7
2023-12-17,Valle del Guadiana,40.6,24.5,32.0
2023-12-18,Valle del Guadiana,37.0,18.8,28.1
2023-12-19,Valle del Guadiana,38.6,23.8,32.3
2023-12-20,Valle del Guadiana,41.3,25.1,31.8
2023-12-21,Valle del Guadiana,39.1,22.5,30.3
2023-12-22,Valle del Guadiana,37.0,22.5,28.4
2023-12-23,Valle del Guadiana,34.7,23.1,31.0
2023-12-24,Valle del Guadiana,39.3,23.8,30.9
2023-12-25,Valle del Guadiana,45.6,28.7,35.8
2023-12-26,Valle del Guadiana,37.7,22.1,31.0
2023-12-27,Valle del Guadiana,39.0,23.1,30.9
2023-12-28,Valle del Guadiana,41.7,27.2,33.9
2023-12-29,Valle del Guadiana,40.4,25.7,33.6
2023-12-30,Valle del Guadiana,39.5,22.8,32.5
2023-12-31,Valle del Guadiana,42.4,25.7,35.1
2024-01-01,Valle del Guadiana,39.4,26.0,32.7
2024-01-02,Valle del Guadiana,34.6,20.7,29.4
2024-01-03,Valle del Guadiana,37.8,23.2,30.9
2024-01-04,Valle del Guadiana,37.5,22.4,29.7
2024-01-05,Valle del Guadiana,39.3,25.9,32.9
2024-01-06,Valle del Guadiana,39.7,21.3,30.6
2024-01-07,Valle del Guadiana,42.4,25.5,33.2
2024-01-08,Valle del Guadiana,40.3,23.9,32.6
2024-01-09,Valle del Guadiana,40.4,24.4,32.6
2024-01-10,Valle del Guadiana,39.2,25.0,32.5
2024-01-11,Valle del Guadiana,44.4,27.8,36.3
2024-01-12,Valle del Guadiana,40.7,26.1,34.4
2024-01-13,Valle del Guadiana,41.7,25.3,33.3
2024-01-14,Valle del Guadiana,42.5,27.0,33.7
2024-01-15,Valle del Guadiana,43.0,28.8,35.1
2024-01-16,Valle del Guadiana,41.9,26.2,34.3
2024-01-17,Valle del Guadiana,43.5,25.6,34.9
2024-01-18,Valle del Guadiana,41.3,27.3,33.2
2024-01-19,Valle del Guadiana,39.4,27.2,32.8
2024-01-20,Valle del Guadiana,40.9,29.6,34.6
2024-01-21,Valle del Guadiana,44.2,27.3,35.7
2024-01-22,Valle del Guadiana,40.7,27.8,33.9
2024-01-23,Valle del Guadiana,42.4,28.9,34.8
2024-01-24,Valle del Guadiana,41.4,25.1,32.7
2024-01-25,Valle del Guadiana,41.0,26.1,33.3
2024-01-26,Valle del Guadiana,37.6,25.4,31.5
2024-01-27,Valle del Guadiana,40.4,28.7,33.4
2024-01-28,Valle del Guadiana,44.2,25.9,34.5
2024-01-29,Valle del Guadiana,40.1,25.1,32.8
2024-01-30,Valle del Guadiana,38.8,24.2,31.6
2024-01-31,Valle del Guadiana,42.2,26.1,33.2
2024-02-01,Valle del Guadiana,42.4,28.9,35.0
2024-02-02,Valle del Guadiana,39.1,24.7,32.2
2024-02-03,Valle del Guadiana,37.9,23.5,31.9
2024-02-04,Valle del Guadiana,41.2,25.6,33.5
2024-02-05,Valle del Guadiana,43.1,28.1,35.9
2024-02-06,Valle del Guadiana,39.2,23.6,31.9
2024-02-07,Valle del Guadiana,41.6,24.1,33.0
2024-02-08,Valle del Guadiana,39.4,25.8,32.1
2024-02-09,Valle del Guadiana,37.0,23.0,29.3
2024-02-10,Valle del Guadiana,40.0,24.1,32.6
2024-02-11,Valle del Guadiana,42.3,27.9,35.5
2024-02-12,Valle del Guadiana,36.4,21.6,28.9
2024-02-13,Valle del Guadiana,38.5,25.0,31.0
2024-02-14,Valle del Guadiana,38.5,23.1,30.0
2024-02-15,Valle del Guadiana,39.1,26.5,32.6
2024-02-16,Valle del Guadiana,42.1,21.6,31.3
2024-02-17,Valle del Guadiana,36.4,21.4,30.6
2024-02-18,Valle del Guadiana,39.7,27.6,33.6
2024-02-19,Valle del Guadiana,38.2,24.0,30.8
2024-02-20,Valle del Guadiana,39.2,26.2,32.7
2024-02-21,Valle del Guadiana,40.2,23.2,31.1
2024-02-22,Valle del Guadiana,35.6,21.3,28.7
2024-02-23,Valle del Guadiana,41.0,22.9,30.9
2024-02-24,Valle del Guadiana,37.0,20.8,28.2
2024-02-25,Valle del Guadiana,35.9,22.4,30.5
2024-02-26,Valle del Guadiana,37.1,22.4,30.3
2024-02-27,Valle del Guadiana,36.5,21.8,26.3
2024-02-28,Valle del Guadiana,37.3,24.9,29.9
2024-02-29,Valle del Guadiana,33.4,20.4,26.5
2024-03-01,Valle del Guadiana,36.7,20.8,29.4
2024-03-02,Valle del Guadiana,39.4,22.7,32.2
2024-03-03,Valle del Guadiana,36.2,21.0,29.6
2024-03-04,Valle del Guadiana,38.8,20.4,28.9
2024-03-05,Valle del Guadiana,36.2,21.7,29.1
2024-03-06,Valle del Guadiana,34.5,20.6,26.2
2024-03-07,Valle del Guadiana,32.6,17.4,25.7
2024-03-08,Valle del Guadiana,33.8,20.5,26.1
2024-03-09,Valle del Guadiana,33.3,15.5,24.4
2024-03-10,Valle del Guadiana,32.7,18.0,26.7
2024-03-11,Valle del Guadiana,32.2,14.9,23.1
2024-03-12,Valle del Guadiana,33.5,18.7,25.9
2024-03-13,Valle del Guadiana,32.9,18.0,25.6
2024-03-14,Valle del Guadiana,34.9,16.5,27.6
2024-03-15,Valle del Guadiana,32.2,20.8,25.1
2024-03-16,Valle del Guadiana,30.5,13.5,22.0
2024-03-17,Valle del Guadiana,32.2,16.0,23.5
2024-03-18,Valle del Guadiana,36.0,19.6,26.6
2024-03-19,Valle del Guadiana,30.9,13.7,22.7
2024-03-20,Valle del Guadiana,27.8,13.2,21.5
2024-03-21,Valle del Guadiana,32.3,17.5,26.3
2024-03-22,Valle del Guadiana,30.6,15.2,23.0
2024-03-23,Valle del Guadiana,33.1,16.6,25.7
2024-03-24,Valle del Guadiana,31.1,16.9,24.9
2024-03-25,Valle del Guadiana,29.2,14.2,22.0
2024-03-26,Valle del Guadiana,31.1,18.9,24.3
2024-03-27,Valle del Guadiana,27.5,11.9,19.7
2024-03-28,Valle del Guadiana,28.0,13.6,21.1
2024-03-29,Valle del Guadiana,28.8,14.9,22.5
2024-03-30,Valle del Guadiana,28.0,9.7,20.0
2024-03-31,Valle del Guadiana,27.3,11.7,20.4
2024-04-01,Valle del Guadiana,29.9,15.7,21.7
2024-04-02,Valle del Guadiana,26.6,11.5,19.8
2024-04-03,Valle del Guadiana,26.9,10.4,20.4
2024-04-04,Valle del Guadiana,26.3,13.5,20.6
2024-04-05,Valle del Guadiana,26.5,12.9,20.1
2024-04-06,Valle del Guadiana,24.2,9.7,16.9
2024-04-07,Valle del Guadiana,24.8,8.3,16.2
2024-04-08,Valle del Guadiana,24.6,9.5,15.7
2024-04-09,Valle del Guadiana,23.8,8.6,16.6
2024-04-10,Valle del Guadiana,25.7,11.0,18.8
2024-04-11,Valle del Guadiana,22.0,9.7,15.3
2024-04-12,Valle del Guadiana,22.4,7.3,14.3
2024-04-13,Valle del Guadiana,25.7,11.8,17.7
2024-04-14,Valle del Guadiana,25.4,10.0,16.6
2024-04-15,Valle del Guadiana,24.1,6.7,14.2
2024-04-16,Valle del Guadiana,25.3,7.5,16.3
2024-04-17,Valle del Guadiana,25.0,9.3,16.1
2024-04-18,Valle del Guadiana,24.5,6.9,15.5
2024-04-19,Valle del Guadiana,20.9,5.4,13.2
2024-04-20,Valle del Guadiana,25.6,11.5,16.7
2024-04-21,Valle del Guadiana,21.9,6.0,15.5
2024-04-22,Valle del Guadiana,22.8,6.4,12.7
2024-04-23,Valle del Guadiana,22.9,8.7,14.6
2024-04-24,Valle del Guadiana,17.4,1.8,11.0
2024-04-25,Valle del Guadiana,19.2,4.8,11.1
2024-04-26,Valle del Guadiana,14.7,1.9,8.5
2024-04-27,Valle del Guadiana,20.5,7.1,13.8
2024-04-28,Valle del Guadiana,22.6,6.1,14.5
2024-04-29,Valle del Guadiana,20.3,5.4,11.6
2024-04-30,Valle del Guadiana,20.4,2.1,11.4
2024-05-01,Valle del Guadiana,18.1,3.1,11.0
2024-05-02,Valle del Guadiana,16.7,4.7,10.9
2024-05-03,Valle del Guadiana,17.2,0.7,10.8
2024-05-04,Valle del Guadiana,19.9,4.2,12.5
2024-05-05,Valle del Guadiana,12.8,1.0,9.2
2024-05-06,Valle del Guadiana,17.4,0.5,9.4
2024-05-07,Valle del Guadiana,15.3,0.3,8.8
2024-05-08,Valle del Guadiana,19.8,2.4,10.8
2024-05-09,Valle del Guadiana,11.1,-4.2,3.3
2024-05-10,Valle del Guadiana,15.3,1.9,8.2
2024-05-11,Valle del Guadiana,14.2,-2.0,5.5
2024-05-12,Valle del Guadiana,15.8,-0.6,7.0
2024-05-13,Valle del Guadiana,15.7,1.3,7.9
2024-05-14,Valle del Guadiana,14.8,-0.2,8.3
2024-05-15,Valle del Guadiana,16.8,0.1,7.5
2024-05-16,Valle del Guadiana,14.5,-2.3,5.4
2024-05-17,Valle del Guadiana,14.7,0.2,6.7
2024-05-18,Valle del Guadiana,14.1,-0.6,5.1
2024-05-19,Valle del Guadiana,11.2,-4.0,4.6
2024-05-20,Valle del Guadiana,8.7,-5.5,3.0
2024-05-21,Valle del Guadiana,13.3,-3.1,5.6
2024-05-22,Valle del Guadiana,10.8,-2.5,5.6
2024-05-23,Valle del Guadiana,15.8,2.7,8.9
2024-05-24,Valle del Guadiana,15.4,-0.6,6.1
2024-05-25,Valle del Guadiana,6.2,-4.3,0.6
2024-05-26,Valle del Guadiana,12.5,-1.1,4.7
2024-05-27,Valle del Guadiana,12.6,-4.6,4.2
2024-05-28,Valle del Guadiana,10.6,-4.1,2.0
2024-05-29,Valle del Guadiana,8.5,-7.2,1.3
2024-05-30,Valle del Guadiana,13.8,-2.3,6.1
2024-05-31,Valle del Guadiana,8.4,-3.0,3.7
2024-06-01,Valle del Guadiana,12.3,-2.1,3.8
2024-06-02,Valle del Guadiana,13.7,-4.4,5.7
2024-06-03,Valle del Guadiana,10.1,-6.4,2.5
2024-06-04,Valle del Guadiana,11.6,-1.9,3.1
2024-06-05,Valle del Guadiana,8.3,-5.1,2.3
2024-06-06,Valle del Guadiana,10.2,-7.9,1.2
2024-06-07,Valle del Guadiana,12.1,-1.0,5.2
2024-06-08,Valle del Guadiana,10.3,-2.4,4.6
2024-06-09,Valle del Guadiana,9.1,-4.2,1.6
2024-06-10,Valle del Guadiana,7.3,-7.6,0.2
2024-06-11,Valle del Guadiana,8.3,-8.5,0.8
2024-06-12,Valle del Guadiana,7.7,-5.2,0.8
2024-06-13,Valle del Guadiana,9.2,-8.5,-0.7
2024-06-14,Valle del Guadiana,9.5,-4.3,2.2
2024-06-15,Valle del Guadiana,7.4,-7.2,-0.3
2024-06-16,Valle del Guadiana,11.2,-5.3,2.0
2024-06-17,Valle del Guadiana,6.4,-9.2,-1.1
2024-06-18,Valle del Guadiana,10.5,-4.2,1.8
2024-06-19,Valle del Guadiana,8.2,-6.2,-0.2
2024-06-20,Valle del Guadiana,8.1,-5.1,1.3
2024-06-21,Valle del Guadiana,10.0,-6.2,1.6
2024-06-22,Valle del Guadiana,7.5,-8.3,-1.2
2024-06-23,Valle del Guadiana,9.8,-8.5,0.9
2024-06-24,Valle del Guadiana,4.1,-11.9,-2.8
2024-06-25,Valle del Guadiana,7.3,-10.1,-2.2
2024-06-26,Valle del Guadiana,0.4,-12.1,-4.0
2024-06-27,Valle del Guadiana,5.4,-6.8,-0.8
2024-06-28,Valle del Guadiana,10.7,-6.2,2.0
2024-06-29,Valle del Guadiana,3.7,-12.1,-4.3
2024-06-30,Valle del Guadiana,4.0,-10.2,-3.6
2024-07-01,Valle del Guadiana,6.9,-5.8,0.7
2024-07-02,Valle del Guadiana,4.5,-11.7,-2.5
2024-07-03,Valle del Guadiana,4.8,-8.1,-0.3
2024-07-04,Valle del Guadiana,5.1,-8.7,-1.3
2024-07-05,Valle del Guadiana,4.8,-10.2,-2.9
2024-07-06,Valle del Guadiana,3.3,-11.7,-4.6
2024-07-07,Valle del Guadiana,5.5,-8.4,-0.1
2024-07-08,Valle del Guadiana,9.0,-7.8,1.1
2024-07-09,Valle del Guadiana,4.6,-12.2,-3.6
2024-07-10,Valle del Guadiana,4.9,-11.4,-3.7
2024-07-11,Valle del Guadiana,5.3,-13.3,-4.1
2024-07-12,Valle del Guadiana,1.6,-10.7,-4.0
2024-07-13,Valle del Guadiana,3.8,-11.2,-3.5
2024-07-14,Valle del Guadiana,6.2,-10.9,-2.7
2024-07-15,Valle del Guadiana,2.7,-13.9,-4.9
2024-07-16,Valle del Guadiana,6.5,-9.5,-1.3
2024-07-17,Valle del Guadiana,6.2,-7.0,-1.2
2024-07-18,Valle del Guadiana,8.2,-8.1,0.5
2024-07-19,Valle del Guadiana,2.3,-10.9,-5.2
2024-07-20,Valle del Guadiana,9.7,-9.0,0.2
2024-07-21,Valle del Guadiana,5.5,-9.1,-2.0
2024-07-22,Valle del Guadiana,5.4,-8.7,-1.0
2024-07-23,Valle del Guadiana,3.9,-11.2,-3.2
2024-07-24,Valle del Guadiana,1.4,-12.3,-3.7
2024-07-25,Valle del Guadiana,6.6,-14.3,-3.6
2024-07-26,Valle del Guadiana,7.9,-6.4,0.7
2024-07-27,Valle del Guadiana,12.3,-3.4,4.7
2024-07-28,Valle del Guadiana,6.1,-7.5,-1.1
2024-07-29,Valle del Guadiana,5.0,-10.5,-2.4
2024-07-30,Valle del Guadiana,0.5,-11.2,-5.5
2024-07-31,Valle del Guadiana,6.4,-8.3,-0.5
2024-08-01,Valle del Guadiana,3.4,-10.0,-3.6
2024-08-02,Valle del Guadiana,5.1,-11.7,-3.5
2024-08-03,Valle del Guadiana,4.5,-9.9,-3.5
2024-08-04,Valle del Guadiana,8.9,-2.7,2.5
2024-08-05,Valle del Guadiana,12.3,-3.0,5.1
2024-08-06,Valle del Guadiana,6.9,-8.5,-0.7
2024-08-07,Valle del Guadiana,0.7,-9.6,-3.5
2024-08-08,Valle del Guadiana,10.2,-6.8,1.8
2024-08-09,Valle del Guadiana,8.4,-8.6,0.5
2024-08-10,Valle del Guadiana,6.0,-10.9,-1.9
2024-08-11,Valle del Guadiana,5.7,-7.8,-0.7
2024-08-12,Valle del Guadiana,9.8,-8.8,0.8
2024-08-13,Valle del Guadiana,5.3,-8.4,-2.3
2024-08-14,Valle del Guadiana,5.8,-12.2,-2.5
2024-08-15,Valle del Guadiana,10.3,-3.8,4.5
2024-08-16,Valle del Guadiana,10.4,-5.7,2.0
2024-08-17,Valle del Guadiana,6.2,-11.8,-0.9
2024-08-18,Valle del Guadiana,11.5,-3.7,4.2
2024-08-19,Valle del Guadiana,8.7,-7.0,0.8
2024-08-20,Valle del Guadiana,5.0,-9.8,-2.8
2024-08-21,Valle del Guadiana,6.8,-8.4,0.7
2024-08-22,Valle del Guadiana,8.7,-7.9,0.8
2024-08-23,Valle del Guadiana,10.5,-2.8,4.4
2024-08-24,Valle del Guadiana,5.8,-12.3,-2.1
2024-08-25,Valle del Guadiana,12.1,-4.2,4.3
2024-08-26,Valle del Guadiana,14.8,-0.9,6.7
2024-08-27,Valle del Guadiana,5.5,-9.2,-1.6
2024-08-28,Valle del Guadiana,8.5,-3.2,0.9
2024-08-29,Valle del Guadiana,12.6,-4.6,4.5
2024-08-30,Valle del Guadiana,10.4,-7.5,2.4
2024-08-31,Valle del Guadiana,10.0,-4.2,2.6
2024-09-01,Valle del Guadiana,12.0,-4.8,2.2
2024-09-02,Valle del Guadiana,11.5,-2.8,3.3
2024-09-03,Valle del Guadiana,13.4,-2.4,4.8
2024-09-04,Valle del Guadiana,9.1,-6.8,2.0
2024-09-05,Valle del Guadiana,10.4,-2.6,5.2
2024-09-06,Valle del Guadiana,14.1,-0.4,4.9
2024-09-07,Valle del Guadiana,14.4,0.3,5.8
2024-09-08,Valle del Guadiana,12.0,-1.8,4.4
2024-09-09,Valle del Guadiana,10.7,-3.8,3.8
2024-09-10,Valle del Guadiana,9.3,-6.1,3.0
2024-09-11,Valle del Guadiana,14.3,-2.0,6.3
2024-09-12,Valle del Guadiana,14.1,-2.9,6.6
2024-09-13,Valle del Guadiana,10.9,-4.2,3.7
2024-09-14,Valle del Guadiana,12.6,-2.0,3.6
2024-09-15,Valle del Guadiana,19.0,2.1,11.3
2024-09-16,Valle del Guadiana,16.8,-0.4,7.6
2024-09-17,Valle del Guadiana,19.7,2.1,11.5
2024-09-18,Valle del Guadiana,7.9,-3.5,2.9
2024-09-19,Valle del Guadiana,15.2,1.0,8.6
2024-09-20,Valle del Guadiana,15.4,0.1,8.6
2024-09-21,Valle del Guadiana,13.9,0.7,8.4
2024-09-22,Valle del Guadiana,13.1,-1.3,5.2
2024-09-23,Valle del Guadiana,14.7,-1.3,7.9
2024-09-24,Valle del Guadiana,15.3,0.1,7.7
2024-09-25,Valle del Guadiana,17.6,1.5,9.8
2024-09-26,Valle del Guadiana,17.1,3.0,9.8
2024-09-27,Valle del Guadiana,18.1,4.6,10.5
2024-09-28,Valle del Guadiana,17.6,-1.4,8.6
2024-09-29,Valle del Guadiana,13.9,2.1,7.9
2024-09-30,Valle del Guadiana,22.0,7.1,13.3
2024-10-01,Valle del Guadiana,19.6,8.0,13.0
2024-10-02,Valle del Guadiana,17.2,1.6,10.0
2024-10-03,Valle del Guadiana,14.3,-3.0,6.2
2024-10-04,Valle del Guadiana,15.0,1.5,7.7
2024-10-05,Valle del Guadiana,21.3,7.1,14.9
2024-10-06,Valle del Guadiana,22.7,6.7,13.3
2024-10-07,Valle del Guadiana,19.2,6.2,11.0
2024-10-08,Valle del Guadiana,22.1,8.5,14.7
2024-10-09,Valle del Guadiana,15.6,-0.1,8.0
2024-10-10,Valle del Guadiana,19.3,5.0,12.4
2024-10-11,Valle del Guadiana,20.5,4.7,13.8
2024-10-12,Valle del Guadiana,17.5,2.1,10.1
2024-10-13,Valle del Guadiana,25.0,9.3,16.8
2024-10-14,Valle del Guadiana,25.0,9.0,16.9
2024-10-15,Valle del Guadiana,16.9,3.6,11.6
2024-10-16,Valle del Guadiana,20.3,3.7,13.6
2024-10-17,Valle del Guadiana,19.9,6.9,13.1
2024-10-18,Valle del Guadiana,20.2,8.2,14.8
2024-10-19,Valle del Guadiana,22.2,9.2,16.8
2024-10-20,Valle del Guadiana,25.9,8.2,16.3
2024-10-21,Valle del Guadiana,21.5,7.3,13.8
2024-10-22,Valle del Guadiana,23.1,7.5,16.1
2024-10-23,Valle del Guadiana,18.7,7.2,13.5
2024-10-24,Valle del Guadiana,27.0,11.4,19.0
2024-10-25,Valle del Guadiana,22.2,6.2,14.2
2024-10-26,Valle del Guadiana,25.7,9.8,17.0
2024-10-27,Valle del Guadiana,28.9,13.5,19.7
2024-10-28,Valle del Guadiana,24.0,9.7,16.8
2024-10-29,Valle del Guadiana,22.7,9.6,16.6
2024-10-30,Valle del Guadiana,27.6,11.3,20.4
2024-10-31,Valle del Guadiana,26.3,10.3,18.8
2024-11-01,Valle del Guadiana,24.7,11.4,19.4
2024-11-02,Valle del Guadiana,22.0,6.2,13.3
2024-11-03,Valle del Guadiana,28.2,12.8,20.6
2024-11-04,Valle del Guadiana,32.7,15.5,23.7
2024-11-05,Valle del Guadiana,25.4,9.2,18.9
2024-11-06,Valle del Guadiana,31.8,15.8,23.1
2024-11-07,Valle del Guadiana,29.9,15.2,21.3
2024-11-08,Valle del Guadiana,25.0,11.3,17.1
2024-11-09,Valle del Guadiana,31.2,16.2,23.2
2024-11-10,Valle del Guadiana,32.1,17.1,24.3
2024-11-11,Valle del Guadiana,28.7,14.3,20.4
2024-11-12,Valle del Guadiana,30.4,13.8,23.4
2024-11-13,Valle del Guadiana,31.2,18.0,23.3
2024-11-14,Valle del Guadiana,28.4,14.2,20.0
2024-11-15,Valle del Guadiana,29.5,18.9,23.4
2024-11-16,Valle del Guadiana,30.2,16.6,23.0
2024-11-17,Valle del Guadiana,28.6,11.9,21.0
2024-11-18,Valle del Guadiana,32.0,17.3,24.0
2024-11-19,Valle del Guadiana,33.6,17.7,26.6
2024-11-20,Valle del Guadiana,29.0,13.5,20.5
2024-11-21,Valle del Guadiana,34.1,16.8,25.6
2024-11-22,Valle del Guadiana,33.0,18.0,25.7
2024-11-23,Valle del Guadiana,33.6,18.8,25.9
2024-11-24,Valle del Guadiana,28.9,14.0,23.4
2024-11-25,Valle del Guadiana,36.1,19.0,28.3
2024-11-26,Valle del Guadiana,36.6,18.7,27.4
2024-11-27,Valle del Guadiana,35.5,18.3,26.5
2024-11-28,Valle del Guadiana,36.0,17.9,28.4
2024-11-29,Valle del Guadiana,33.3,18.2,27.3
2024-11-30,Valle del Guadiana,34.9,19.9,27.3
2024-12-01,Valle del Guadiana,35.8,21.2,28.8
2024-12-02,Valle del Guadiana,34.5,17.2,25.5
2024-12-03,Valle del Guadiana,35.5,18.5,27.7
2024-12-04,Valle del Guadiana,36.4,21.1,28.1
2024-12-05,Valle del Guadiana,34.2,17.6,25.3
2024-12-06,Valle del Guadiana,39.3,24.3,30.2
2024-12-07,Valle del Guadiana,37.0,23.5,29.8
2024-12-08,Valle del Guadiana,36.5,19.6,27.1
2024-12-09,Valle del Guadiana,36.0,18.4,28.6
2024-12-10,Valle del Guadiana,40.6,23.1,31.2
2024-12-11,Valle del Guadiana,38.8,21.1,29.8
2024-12-12,Valle del Guadiana,35.1,21.3,28.2
2024-12-13,Valle del Guadiana,39.7,27.5,33.1
2024-12-14,Valle del Guadiana,37.7,22.0,29.7
2024-12-15,Valle del Guadiana,32.8,19.0,25.9
2024-12-16,Valle del Guadiana,35.7,21.0,28.0
2024-12-17,Valle del Guadiana,38.5,21.8,29.9
2024-12-18,Valle del Guadiana,37.8,22.1,29.9
2024-12-19,Valle del Guadiana,36.2,20.3,27.9
2024-12-20,Valle del Guadiana,42.3,26.5,33.4
2024-12-21,Valle del Guadiana,39.9,23.1,31.6
2024-12-22,Valle del Guadiana,40.8,26.0,32.3
2024-12-23,Valle del Guadiana,37.4,20.3,29.5
2024-12-24,Valle del Guadiana,37.6,25.4,30.6
2024-12-25,Valle del Guadiana,40.4,24.6,30.9
2024-12-26,Valle del Guadiana,32.3,15.2,24.6
2024-12-27,Valle del Guadiana,36.8,24.1,29.6
2024-12-28,Valle del Guadiana,38.5,23.6,31.9
2024-12-29,Valle del Guadiana,43.4,26.2,34.7
2024-12-30,Valle del Guadiana,42.7,29.8,33.9
2024-12-31,Valle del Guadiana,41.3,25.3,32.5
2022-01-01,Comarca Lagunera Dgo.,45.5,27.5,37.3
2022-01-02,Comarca Lagunera Dgo.,46.0,26.2,36.9
2022-01-03,Comarca Lagunera Dgo.,44.6,27.2,35.9
2022-01-04,Comarca Lagunera Dgo.,45.5,26.0,37.4
2022-01-05,Comarca Lagunera Dgo.,48.1,30.0,38.8
2022-01-06,Comarca Lagunera Dgo.,44.4,28.5,36.9
2022-01-07,Comarca Lagunera Dgo.,42.7,27.9,36.4
2022-01-08,Comarca Lagunera Dgo.,43.8,29.3,37.3
2022-01-09,Comarca Lagunera Dgo.,47.0,31.2,39.4
2022-01-10,Comarca Lagunera Dgo.,42.6,27.7,35.8
2022-01-11,Comarca Lagunera Dgo.,46.6,30.8,38.4
2022-01-12,Comarca Lagunera Dgo.,46.4,28.4,36.7
2022-01-13,Comarca Lagunera Dgo.,48.7,26.7,37.3
2022-01-14,Comarca Lagunera Dgo.,45.6,28.0,36.9
2022-01-15,Comarca Lagunera Dgo.,47.8,34.8,40.6
2022-01-16,Comarca Lagunera Dgo.,47.1,29.0,39.8
2022-01-17,Comarca Lagunera Dgo.,48.8,30.3,39.6
2022-01-18,Comarca Lagunera Dgo.,45.8,29.4,36.6
2022-01-19,Comarca Lagunera Dgo.,50.4,33.6,41.2
2022-01-20,Comarca Lagunera Dgo.,52.5,36.0,43.9
2022-01-21,Comarca Lagunera Dgo.,41.7,21.7,32.8
2022-01-22,Comarca Lagunera Dgo.,44.3,28.7,35.3
2022-01-23,Comarca Lagunera Dgo.,47.8,29.5,38.2
2022-01-24,Comarca Lagunera Dgo.,49.6,33.1,41.2
2022-01-25,Comarca Lagunera Dgo.,46.1,27.3,36.4
2022-01-26,Comarca Lagunera Dgo.,45.7,27.4,37.6
2022-01-27,Comarca Lagunera Dgo.,44.3,25.9,36.0
2022-01-28,Comarca Lagunera Dgo.,45.5,25.7,35.0
2022-01-29,Comarca Lagunera Dgo.,46.7,30.9,38.4
2022-01-30,Comarca Lagunera Dgo.,46.8,28.8,36.0
2022-01-31,Comarca Lagunera Dgo.,47.6,28.4,36.2
2022-02-01,Comarca Lagunera Dgo.,46.6,28.7,38.5
2022-02-02,Comarca Lagunera Dgo.,46.7,30.0,39.2
2022-02-03,Comarca Lagunera Dgo.,45.9,27.2,35.9
2022-02-04,Comarca Lagunera Dgo.,47.9,28.4,38.5
2022-02-05,Comarca Lagunera Dgo.,46.6,30.1,38.2
2022-02-06,Comarca Lagunera Dgo.,45.9,31.2,38.1
2022-02-07,Comarca Lagunera Dgo.,43.4,27.9,35.8
2022-02-08,Comarca Lagunera Dgo.,43.2,25.5,35.6
2022-02-09,Comarca Lagunera Dgo.,44.0,25.2,34.7
2022-02-10,Comarca Lagunera Dgo.,45.2,27.8,36.1
2022-02-11,Comarca Lagunera Dgo.,43.5,27.9,35.1
2022-02-12,Comarca Lagunera Dgo.,48.1,32.5,40.0
2022-02-13,Comarca Lagunera Dgo.,44.5,28.4,36.7
2022-02-14,Comarca Lagunera Dgo.,46.7,29.8,39.0
2022-02-15,Comarca Lagunera Dgo.,51.1,31.5,41.6
2022-02-16,Comarca Lagunera Dgo.,42.9,26.6,35.0
2022-02-17,Comarca Lagunera Dgo.,44.4,28.2,36.1
2022-02-18,Comarca Lagunera Dgo.,44.5,26.5,35.3
2022-02-19,Comarca Lagunera Dgo.,43.0,27.5,35.0
2022-02-20,Comarca Lagunera Dgo.,42.7,25.1,33.1
2022-02-21,Comarca Lagunera Dgo.,46.0,27.3,36.4
2022-02-22,Comarca Lagunera Dgo.,41.9,23.9,33.4
2022-02-23,Comarca Lagunera Dgo.,45.4,26.5,35.0
2022-02-24,Comarca Lagunera Dgo.,44.6,27.4,36.2
2022-02-25,Comarca Lagunera Dgo.,39.5,26.0,31.7
2022-02-26,Comarca Lagunera Dgo.,45.0,29.2,36.7
2022-02-27,Comarca Lagunera Dgo.,45.5,26.7,35.9
2022-02-28,Comarca Lagunera Dgo.,38.8,24.2,32.1
2022-03-01,Comarca Lagunera Dgo.,40.1,23.7,32.6
2022-03-02,Comarca Lagunera Dgo.,39.4,20.6,29.6
2022-03-03,Comarca Lagunera Dgo.,43.3,25.2,33.2
2022-03-04,Comarca Lagunera Dgo.,39.3,23.6,31.3
2022-03-05,Comarca Lagunera Dgo.,41.7,23.4,31.7
2022-03-06,Comarca Lagunera Dgo.,38.2,21.8,29.1
2022-03-07,Comarca Lagunera Dgo.,42.2,25.8,33.3
2022-03-08,Comarca Lagunera Dgo.,34.3,20.0,27.5
2022-03-09,Comarca Lagunera Dgo.,40.2,23.7,30.3
2022-03-10,Comarca Lagunera Dgo.,39.1,21.0,29.7
2022-03-11,Comarca Lagunera Dgo.,43.9,24.1,32.9
2022-03-12,Comarca Lagunera Dgo.,43.2,21.7,33.7
2022-03-13,Comarca Lagunera Dgo.,41.6,23.4,32.8
2022-03-14,Comarca Lagunera Dgo.,37.7,21.4,32.2
2022-03-15,Comarca Lagunera Dgo.,41.6,24.8,32.1
2022-03-16,Comarca Lagunera Dgo.,39.9,20.1,30.9
2022-03-17,Comarca Lagunera Dgo.,39.0,21.6,30.1
2022-03-18,Comarca Lagunera Dgo.,40.7,25.2,32.7
2022-03-19,Comarca Lagunera Dgo.,39.6,20.9,30.0
2022-03-20,Comarca Lagunera Dgo.,33.2,16.8,25.3
2022-03-21,Comarca Lagunera Dgo.,36.1,19.7,27.1
2022-03-22,Comarca Lagunera Dgo.,35.8,19.9,27.4
2022-03-23,Comarca Lagunera Dgo.,32.0,17.0,24.0
2022-03-24,Comarca Lagunera Dgo.,35.5,19.4,26.9
2022-03-25,Comarca Lagunera Dgo.,37.9,18.1,27.2
2022-03-26,Comarca Lagunera Dgo.,32.5,16.2,23.7
2022-03-27,Comarca Lagunera Dgo.,31.8,16.7,25.1
2022-03-28,Comarca Lagunera Dgo.,35.4,17.1,26.3
2022-03-29,Comarca Lagunera Dgo.,43.3,25.2,32.9
2022-03-30,Comarca Lagunera Dgo.,30.9,15.8,23.2
2022-03-31,Comarca Lagunera Dgo.,29.8,14.9,23.1
2022-04-01,Comarca Lagunera Dgo.,36.5,16.4,27.0
2022-04-02,Comarca Lagunera Dgo.,31.5,14.7,22.8
2022-04-03,Comarca Lagunera Dgo.,33.3,14.5,22.5
2022-04-04,Comarca Lagunera Dgo.,33.5,17.9,25.1
2022-04-05,Comarca Lagunera Dgo.,33.5,16.7,25.6
2022-04-06,Comarca Lagunera Dgo.,36.0,17.1,26.1
2022-04-07,Comarca Lagunera Dgo.,31.1,16.5,23.4
2022-04-08,Comarca Lagunera Dgo.,31.1,15.8,25.0
2022-04-09,Comarca Lagunera Dgo.,31.0,15.1,24.1
2022-04-10,Comarca Lagunera Dgo.,33.7,16.5,25.5
2022-04-11,Comarca Lagunera Dgo.,25.8,11.3,18.4
2022-04-12,Comarca Lagunera Dgo.,29.4,14.3,21.9
2022-04-13,Comarca Lagunera Dgo.,29.5,10.8,18.7
2022-04-14,Comarca Lagunera Dgo.,30.4,14.0,21.8
2022-04-15,Comarca Lagunera Dgo.,30.6,15.3,23.1
2022-04-16,Comarca Lagunera Dgo.,25.0,9.2,18.0
2022-04-17,Comarca Lagunera Dgo.,28.0,11.1,20.1
2022-04-18,Comarca Lagunera Dgo.,29.6,9.0,20.0
2022-04-19,Comarca Lagunera Dgo.,26.2,7.6,17.5
2022-04-20,Comarca Lagunera Dgo.,31.9,12.6,22.2
2022-04-21,Comarca Lagunera Dgo.,26.4,10.4,19.0
2022-04-22,Comarca Lagunera Dgo.,26.8,8.7,18.0
2022-04-23,Comarca Lagunera Dgo.,26.9,10.5,18.9
2022-04-24,Comarca Lagunera Dgo.,27.8,10.8,19.0
2022-04-25,Comarca Lagunera Dgo.,22.7,9.4,16.1
2022-04-26,Comarca Lagunera Dgo.,27.5,10.1,19.0
2022-04-27,Comarca Lagunera Dgo.,29.8,11.0,19.9
2022-04-28,Comarca Lagunera Dgo.,25.7,8.6,16.5
2022-04-29,Comarca Lagunera Dgo.,28.5,10.8,19.2
2022-04-30,Comarca Lagunera Dgo.,21.3,3.2,12.1
2022-05-01,Comarca Lagunera Dgo.,24.8,8.0,16.8
2022-05-02,Comarca Lagunera Dgo.,26.2,5.2,16.1
2022-05-03,Comarca Lagunera Dgo.,25.1,9.2,16.9
2022-05-04,Comarca Lagunera Dgo.,25.3,7.5,16.9
2022-05-05,Comarca Lagunera Dgo.,21.7,4.8,13.5
2022-05-06,Comarca Lagunera Dgo.,22.6,6.2,13.9
2022-05-07,Comarca Lagunera Dgo.,23.9,1.2,12.8
2022-05-08,Comarca Lagunera Dgo.,21.3,4.1,12.1
2022-05-09,Comarca Lagunera Dgo.,18.2,0.2,9.7
2022-05-10,Comarca Lagunera Dgo.,20.8,7.7,15.1
2022-05-11,Comarca Lagunera Dgo.,23.0,4.3,13.5
2022-05-12,Comarca Lagunera Dgo.,21.9,5.4,13.3
2022-05-13,Comarca Lagunera Dgo.,21.6,5.1,13.1
2022-05-14,Comarca Lagunera Dgo.,21.1,2.1,12.5
2022-05-15,Comarca Lagunera Dgo.,19.2,2.0,10.8
2022-05-16,Comarca Lagunera Dgo.,20.3,5.2,12.1
2022-05-17,Comarca Lagunera Dgo.,20.1,-1.4,8.6
2022-05-18,Comarca Lagunera Dgo.,19.4,5.3,11.5
2022-05-19,Comarca Lagunera Dgo.,19.5,2.8,10.6
2022-05-20,Comarca Lagunera Dgo.,16.1,-1.3,7.9
2022-05-21,Comarca Lagunera Dgo.,20.8,4.8,12.3
2022-05-22,Comarca Lagunera Dgo.,19.2,2.0,10.9
2022-05-23,Comarca Lagunera Dgo.,20.0,1.6,10.6
2022-05-24,Comarca Lagunera Dgo.,19.9,-1.6,8.4
2022-05-25,Comarca Lagunera Dgo.,24.0,4.8,14.2
2022-05-26,Comarca Lagunera Dgo.,20.1,2.4,10.9
2022-05-27,Comarca Lagunera Dgo.,16.9,1.2,10.0
2022-05-28,Comarca Lagunera Dgo.,19.0,2.4,11.4
2022-05-29,Comarca Lagunera Dgo.,15.3,-1.1,8.5
2022-05-30,Comarca Lagunera Dgo.,16.4,-0.3,8.9
2022-05-31,Comarca Lagunera Dgo.,14.0,-3.0,5.4
2022-06-01,Comarca Lagunera Dgo.,14.4,-1.2,5.9
2022-06-02,Comarca Lagunera Dgo.,13.9,-2.3,5.9
2022-06-03,Comarca Lagunera Dgo.,17.1,-0.8,6.9
2022-06-04,Comarca Lagunera Dgo.,16.7,-0.4,8.4
2022-06-05,Comarca Lagunera Dgo.,13.0,-4.0,4.9
2022-06-06,Comarca Lagunera Dgo.,18.5,0.8,9.1
2022-06-07,Comarca Lagunera Dgo.,10.8,-5.1,1.7
2022-06-08,Comarca Lagunera Dgo.,12.3,-6.1,3.7
2022-06-09,Comarca Lagunera Dgo.,14.5,-0.5,8.8
2022-06-10,Comarca Lagunera Dgo.,16.1,-0.2,7.3
2022-06-11,Comarca Lagunera Dgo.,11.8,-3.7,3.7
2022-06-12,Comarca Lagunera Dgo.,12.7,-6.7,4.1
2022-06-13,Comarca Lagunera Dgo.,10.8,-3.8,2.9
2022-06-14,Comarca Lagunera Dgo.,11.6,-5.7,3.1
2022-06-15,Comarca Lagunera Dgo.,11.5,-5.8,1.6
2022-06-16,Comarca Lagunera Dgo.,9.1,-7.6,2.1
2022-06-17,Comarca Lagunera Dgo.,12.0,-7.0,2.6
2022-06-18,Comarca Lagunera Dgo.,11.0,-5.3,1.6
2022-06-19,Comarca Lagunera Dgo.,9.4,-3.0,2.9
2022-06-20,Comarca Lagunera Dgo.,11.8,-3.3,3.0
2022-06-21,Comarca Lagunera Dgo.,11.6,-2.6,4.3
2022-06-22,Comarca Lagunera Dgo.,16.5,-1.3,7.5
2022-06-23,Comarca Lagunera Dgo.,11.5,-3.9,3.7
2022-06-24,Comarca Lagunera Dgo.,10.7,-7.7,0.8
2022-06-25,Comarca Lagunera Dgo.,12.0,-4.2,5.7
2022-06-26,Comarca Lagunera Dgo.,13.1,-4.5,4.2
2022-06-27,Comarca Lagunera Dgo.,10.6,-4.6,2.7
2022-06-28,Comarca Lagunera Dgo.,11.4,-3.7,4.1
2022-06-29,Comarca Lagunera Dgo.,9.0,-8.9,1.1
2022-06-30,Comarca Lagunera Dgo.,12.5,-5.6,4.1
2022-07-01,Comarca Lagunera Dgo.,12.4,-5.3,3.7
2022-07-02,Comarca Lagunera Dgo.,8.4,-9.7,0.9
2022-07-03,Comarca Lagunera Dgo.,9.2,-5.5,1.6
2022-07-04,Comarca Lagunera Dgo.,9.5,-10.8,0.1
2022-07-05,Comarca Lagunera Dgo.,10.6,-9.1,1.6
2022-07-06,Comarca Lagunera Dgo.,8.0,-5.0,-0.3
2022-07-07,Comarca Lagunera Dgo.,11.4,-4.4,3.6
2022-07-08,Comarca Lagunera Dgo.,9.3,-6.9,1.3
2022-07-09,Comarca Lagunera Dgo.,8.7,-7.7,0.5
2022-07-10,Comarca Lagunera Dgo.,9.2,-6.0,2.0
2022-07-11,Comarca Lagunera Dgo.,12.9,-4.4,5.0
2022-07-12,Comarca Lagunera Dgo.,9.2,-7.4,1.9
2022-07-13,Comarca Lagunera Dgo.,7.9,-6.8,0.7
2022-07-14,Comarca Lagunera Dgo.,6.6,-10.9,-2.5
2022-07-15,Comarca Lagunera Dgo.,9.2,-9.4,1.4
2022-07-16,Comarca Lagunera Dgo.,7.8,-6.9,-0.3
2022-07-17,Comarca Lagunera Dgo.,5.9,-7.8,0.2
2022-07-18,Comarca Lagunera Dgo.,6.2,-10.3,-2.0
2022-07-19,Comarca Lagunera Dgo.,5.6,-10.5,-1.3
2022-07-20,Comarca Lagunera Dgo.,7.3,-9.2,-1.1
2022-07-21,Comarca Lagunera Dgo.,10.1,-7.4,2.0
2022-07-22,Comarca Lagunera Dgo.,8.2,-9.0,-0.7
2022-07-23,Comarca Lagunera Dgo.,9.2,-7.0,0.3
2022-07-24,Comarca Lagunera Dgo.,9.4,-6.1,2.5
2022-07-25,Comarca Lagunera Dgo.,12.1,-4.1,4.1
2022-07-26,Comarca Lagunera Dgo.,11.1,-6.2,1.7
2022-07-27,Comarca Lagunera Dgo.,6.3,-10.0,-1.0
2022-07-28,Comarca Lagunera Dgo.,9.1,-7.3,0.9
2022-07-29,Comarca Lagunera Dgo.,10.7,-4.1,2.3
2022-07-30,Comarca Lagunera Dgo.,8.5,-6.1,0.6
2022-07-31,Comarca Lagunera Dgo.,5.1,-11.6,-3.1
2022-08-01,Comarca Lagunera Dgo.,10.2,-8.4,2.0
2022-08-02,Comarca Lagunera Dgo.,8.4,-10.3,-1.1
2022-08-03,Comarca Lagunera Dgo.,9.3,-6.6,-0.5
2022-08-04,Comarca Lagunera Dgo.,12.9,-4.6,4.5
2022-08-05,Comarca Lagunera Dgo.,14.3,-2.7,4.5
2022-08-06,Comarca Lagunera Dgo.,10.7,-10.3,0.8
2022-08-07,Comarca Lagunera Dgo.,11.6,-4.3,3.5
2022-08-08,Comarca Lagunera Dgo.,11.1,-6.0,1.0
2022-08-09,Comarca Lagunera Dgo.,10.7,-9.2,0.8
2022-08-10,Comarca Lagunera Dgo.,13.3,-2.6,4.6
2022-08-11,Comarca Lagunera Dgo.,12.4,-4.0,3.3
2022-08-12,Comarca Lagunera Dgo.,10.6,-4.8,2.1
2022-08-13,Comarca Lagunera Dgo.,9.1,-6.9,0.6
2022-08-14,Comarca Lagunera Dgo.,9.1,-5.4,2.2
2022-08-15,Comarca Lagunera Dgo.,15.3,-0.1,7.4
2022-08-16,Comarca Lagunera Dgo.,10.3,-8.4,2.3
2022-08-17,Comarca Lagunera Dgo.,17.9,-1.4,8.9
2022-08-18,Comarca Lagunera Dgo.,7.8,-10.1,0.8
2022-08-19,Comarca Lagunera Dgo.,8.7,-6.2,2.2
2022-08-20,Comarca Lagunera Dgo.,13.9,0.8,6.5
2022-08-21,Comarca Lagunera Dgo.,11.5,-5.5,1.3
2022-08-22,Comarca Lagunera Dgo.,16.4,-2.3,7.1
2022-08-23,Comarca Lagunera Dgo.,14.0,-1.5,6.1
2022-08-24,Comarca Lagunera Dgo.,14.6,-3.1,4.2
2022-08-25,Comarca Lagunera Dgo.,14.1,-1.7,4.8
2022-08-26,Comarca Lagunera Dgo.,8.5,-8.6,1.7
2022-08-27,Comarca Lagunera Dgo.,12.5,-0.9,5.3
2022-08-28,Comarca Lagunera Dgo.,15.9,-4.9,6.1
2022-08-29,Comarca Lagunera Dgo.,11.9,-4.3,3.2
2022-08-30,Comarca Lagunera Dgo.,12.8,-7.4,2.7
2022-08-31,Comarca Lagunera Dgo.,14.2,-2.2,7.4
2022-09-01,Comarca Lagunera Dgo.,12.7,-3.8,6.0
2022-09-02,Comarca Lagunera Dgo.,13.3,-2.0,6.1
2022-09-03,Comarca Lagunera Dgo.,14.1,-3.2,6.6
2022-09-04,Comarca Lagunera Dgo.,14.9,-2.8,7.0
2022-09-05,Comarca Lagunera Dgo.,17.1,0.7,8.8
2022-09-06,Comarca Lagunera Dgo.,18.4,2.4,8.7
2022-09-07,Comarca Lagunera Dgo.,15.3,-4.2,6.7
2022-09-08,Comarca Lagunera Dgo.,12.7,-2.9,6.2
2022-09-09,Comarca Lagunera Dgo.,18.6,0.8,10.2
2022-09-10,Comarca Lagunera Dgo.,13.0,-1.7,6.6
2022-09-11,Comarca Lagunera Dgo.,14.9,-1.1,7.0
2022-09-12,Comarca Lagunera Dgo.,18.9,4.6,12.5
2022-09-13,Comarca Lagunera Dgo.,19.0,-1.5,7.9
2022-09-14,Comarca Lagunera Dgo.,14.5,1.6,7.4
2022-09-15,Comarca Lagunera Dgo.,15.3,-0.5,6.2
2022-09-16,Comarca Lagunera Dgo.,20.4,1.5,10.8
2022-09-17,Comarca Lagunera Dgo.,20.2,2.9,10.8
2022-09-18,Comarca Lagunera Dgo.,19.6,2.6,11.3
2022-09-19,Comarca Lagunera Dgo.,17.9,-0.9,8.3
2022-09-20,Comarca Lagunera Dgo.,18.3,1.7,10.3
2022-09-21,Comarca Lagunera Dgo.,19.6,-0.4,9.7
2022-09-22,Comarca Lagunera Dgo.,20.7,3.9,10.8
2022-09-23,Comarca Lagunera Dgo.,20.2,4.1,14.9
2022-09-24,Comarca Lagunera Dgo.,21.6,1.7,11.3
2022-09-25,Comarca Lagunera Dgo.,22.5,5.7,13.4
2022-09-26,Comarca Lagunera Dgo.,22.5,4.8,12.4
2022-09-27,Comarca Lagunera Dgo.,19.7,2.0,11.7
2022-09-28,Comarca Lagunera Dgo.,22.9,5.0,14.4
2022-09-29,Comarca Lagunera Dgo.,24.3,6.3,16.5
2022-09-30,Comarca Lagunera Dgo.,19.5,4.3,12.9
2022-10-01,Comarca Lagunera Dgo.,24.6,7.0,15.1
2022-10-02,Comarca Lagunera Dgo.,26.0,9.2,14.8
2022-10-03,Comarca Lagunera Dgo.,24.7,5.8,14.6
2022-10-04,Comarca Lagunera Dgo.,23.1,6.5,15.0
2022-10-05,Comarca Lagunera Dgo.,26.5,11.0,18.4
2022-10-06,Comarca Lagunera Dgo.,22.4,1.7,11.7
2022-10-07,Comarca Lagunera Dgo.,23.3,7.8,14.9
2022-10-08,Comarca Lagunera Dgo.,27.8,12.5,20.3
2022-10-09,Comarca Lagunera Dgo.,25.8,9.4,18.0
2022-10-10,Comarca Lagunera Dgo.,26.1,10.6,17.4
2022-10-11,Comarca Lagunera Dgo.,29.9,10.2,20.4
2022-10-12,Comarca Lagunera Dgo.,27.2,11.8,19.1
2022-10-13,Comarca Lagunera Dgo.,24.3,6.3,15.7
2022-10-14,Comarca Lagunera Dgo.,27.2,6.3,16.4
2022-10-15,Comarca Lagunera Dgo.,33.5,15.8,25.0
2022-10-16,Comarca Lagunera Dgo.,27.8,12.3,20.7
2022-10-17,Comarca Lagunera Dgo.,27.4,10.6,18.4
2022-10-18,Comarca Lagunera Dgo.,29.8,12.2,21.1
2022-10-19,Comarca Lagunera Dgo.,28.7,8.9,17.5
2022-10-20,Comarca Lagunera Dgo.,30.8,13.2,22.1
2022-10-21,Comarca Lagunera Dgo.,24.1,9.5,17.9
2022-10-22,Comarca Lagunera Dgo.,29.5,15.0,21.5
2022-10-23,Comarca Lagunera Dgo.,32.3,15.6,23.5
2022-10-24,Comarca Lagunera Dgo.,28.0,12.3,19.6
2022-10-25,Comarca Lagunera Dgo.,25.5,9.7,19.8
2022-10-26,Comarca Lagunera Dgo.,27.4,10.2,19.1
2022-10-27,Comarca Lagunera Dgo.,31.4,12.4,22.7
2022-10-28,Comarca Lagunera Dgo.,31.3,13.7,23.0
2022-10-29,Comarca Lagunera Dgo.,27.1,12.4,19.9
2022-10-30,Comarca Lagunera Dgo.,35.0,19.0,27.2
2022-10-31,Comarca Lagunera Dgo.,33.6,14.2,24.3
2022-11-01,Comarca Lagunera Dgo.,27.9,10.0,18.6
2022-11-02,Comarca Lagunera Dgo.,34.2,15.2,24.0
2022-11-03,Comarca Lagunera Dgo.,34.5,17.6,26.3
2022-11-04,Comarca Lagunera Dgo.,31.2,12.3,21.2
2022-11-05,Comarca Lagunera Dgo.,34.1,16.1,25.2
2022-11-06,Comarca Lagunera Dgo.,32.8,15.5,23.8
2022-11-07,Comarca Lagunera Dgo.,35.9,18.6,27.7
2022-11-08,Comarca Lagunera Dgo.,37.6,17.8,26.8
2022-11-09,Comarca Lagunera Dgo.,39.7,22.5,29.9
2022-11-10,Comarca Lagunera Dgo.,37.9,23.3,29.8
2022-11-11,Comarca Lagunera Dgo.,34.2,16.4,26.2
2022-11-12,Comarca Lagunera Dgo.,36.1,17.8,27.3
2022-11-13,Comarca Lagunera Dgo.,34.9,17.3,27.0
2022-11-14,Comarca Lagunera Dgo.,31.2,15.5,24.1
2022-11-15,Comarca Lagunera Dgo.,37.5,20.2,29.9
2022-11-16,Comarca Lagunera Dgo.,36.0,16.7,27.4
2022-11-17,Comarca Lagunera Dgo.,34.5,18.0,26.8
2022-11-18,Comarca Lagunera Dgo.,36.9,21.7,29.1
2022-11-19,Comarca Lagunera Dgo.,40.0,21.9,29.7
2022-11-20,Comarca Lagunera Dgo.,39.0,22.0,31.5
2022-11-21,Comarca Lagunera Dgo.,38.8,21.7,29.1
2022-11-22,Comarca Lagunera Dgo.,37.4,20.5,28.5
2022-11-23,Comarca Lagunera Dgo.,40.8,24.1,33.6
2022-11-24,Comarca Lagunera Dgo.,39.1,21.8,30.2
2022-11-25,Comarca Lagunera Dgo.,40.4,22.7,31.7
2022-11-26,Comarca Lagunera Dgo.,39.1,21.6,31.4
2022-11-27,Comarca Lagunera Dgo.,40.6,23.9,31.2
2022-11-28,Comarca Lagunera Dgo.,42.6,25.4,32.7
2022-11-29,Comarca Lagunera Dgo.,41.5,23.4,32.3
2022-11-30,Comarca Lagunera Dgo.,41.7,23.3,32.5
2022-12-01,Comarca Lagunera Dgo.,37.9,20.8,30.1
2022-12-02,Comarca Lagunera Dgo.,37.9,24.3,29.7
2022-12-03,Comarca Lagunera Dgo.,41.5,25.9,33.6
2022-12-04,Comarca Lagunera Dgo.,42.8,26.2,36.2
2022-12-05,Comarca Lagunera Dgo.,44.6,27.3,35.2
2022-12-06,Comarca Lagunera Dgo.,42.5,26.0,33.3
2022-12-07,Comarca Lagunera Dgo.,38.1,25.0,31.9
2022-12-08,Comarca Lagunera Dgo.,39.9,24.7,33.0
2022-12-09,Comarca Lagunera Dgo.,44.3,26.6,35.9
2022-12-10,Comarca Lagunera Dgo.,38.8,23.2,31.1
2022-12-11,Comarca Lagunera Dgo.,43.2,26.2,34.5
2022-12-12,Comarca Lagunera Dgo.,45.6,25.8,34.7
2022-12-13,Comarca Lagunera Dgo.,45.6,26.2,35.5
2022-12-14,Comarca Lagunera Dgo.,39.9,22.9,32.9
2022-12-15,Comarca Lagunera Dgo.,45.1,25.9,35.7
2022-12-16,Comarca Lagunera Dgo.,45.0,27.3,35.7
2022-12-17,Comarca Lagunera Dgo.,47.3,30.1,37.3
2022-12-18,Comarca Lagunera Dgo.,44.5,25.2,34.9
2022-12-19,Comarca Lagunera Dgo.,46.5,28.2,36.5
2022-12-20,Comarca Lagunera Dgo.,45.4,26.8,35.2
2022-12-21,Comarca Lagunera Dgo.,39.8,27.2,34.6
2022-12-22,Comarca Lagunera Dgo.,40.4,23.8,33.2
2022-12-23,Comarca Lagunera Dgo.,45.4,25.5,35.6
2022-12-24,Comarca Lagunera Dgo.,43.8,27.0,36.6
2022-12-25,Comarca Lagunera Dgo.,44.8,28.7,37.5
2022-12-26,Comarca Lagunera Dgo.,41.6,26.0,34.0
2022-12-27,Comarca Lagunera Dgo.,50.5,31.4,41.0
2022-12-28,Comarca Lagunera Dgo.,43.8,29.7,38.1
2022-12-29,Comarca Lagunera Dgo.,45.0,27.5,35.0
2022-12-30,Comarca Lagunera Dgo.,46.2,29.8,37.3
2022-12-31,Comarca Lagunera Dgo.,46.7,29.8,37.3
2023-01-01,Comarca Lagunera Dgo.,42.8,26.3,36.2
2023-01-02,Comarca Lagunera Dgo.,44.7,27.7,36.7
2023-01-03,Comarca Lagunera Dgo.,51.5,31.7,40.8
2023-01-04,Comarca Lagunera Dgo.,42.6,28.0,35.8
2023-01-05,Comarca Lagunera Dgo.,43.2,23.9,33.8
2023-01-06,Comarca Lagunera Dgo.,47.4,28.1,36.9
2023-01-07,Comarca Lagunera Dgo.,45.7,29.8,36.7
2023-01-08,Comarca Lagunera Dgo.,48.8,32.1,39.6
2023-01-09,Comarca Lagunera Dgo.,46.3,29.6,37.7
2023-01-10,Comarca Lagunera Dgo.,51.1,33.4,42.4
2023-01-11,Comarca Lagunera Dgo.,48.6,28.2,38.9
2023-01-12,Comarca Lagunera Dgo.,47.3,28.7,38.7
2023-01-13,Comarca Lagunera Dgo.,48.4,31.3,39.2
2023-01-14,Comarca Lagunera Dgo.,47.5,29.1,37.9
2023-01-15,Comarca Lagunera Dgo.,47.7,29.4,38.5
2023-01-16,Comarca Lagunera Dgo.,49.9,29.7,40.0
2023-01-17,Comarca Lagunera Dgo.,45.4,26.5,37.7
2023-01-18,Comarca Lagunera Dgo.,44.8,27.6,35.8
2023-01-19,Comarca Lagunera Dgo.,46.9,29.6,37.1
2023-01-20,Comarca Lagunera Dgo.,44.7,30.7,39.1
2023-01-21,Comarca Lagunera Dgo.,47.2,29.9,37.4
2023-01-22,Comarca Lagunera Dgo.,47.9,33.3,41.3
2023-01-23,Comarca Lagunera Dgo.,46.6,31.5,39.4
2023-01-24,Comarca Lagunera Dgo.,45.7,28.6,37.8
2023-01-25,Comarca Lagunera Dgo.,46.3,29.5,36.3
2023-01-26,Comarca Lagunera Dgo.,44.7,27.3,35.7
2023-01-27,Comarca Lagunera Dgo.,45.0,26.6,36.1
2023-01-28,Comarca Lagunera Dgo.,45.3,26.9,36.8
2023-01-29,Comarca Lagunera Dgo.,47.7,33.2,40.3
2023-01-30,Comarca Lagunera Dgo.,49.8,30.4,39.7
2023-01-31,Comarca Lagunera Dgo.,47.1,28.6,38.3
2023-02-01,Comarca Lagunera Dgo.,44.6,28.2,35.4
2023-02-02,Comarca Lagunera Dgo.,42.5,25.9,34.2
2023-02-03,Comarca Lagunera Dgo.,46.1,29.9,37.4
2023-02-04,Comarca Lagunera Dgo.,41.6,24.2,32.2
2023-02-05,Comarca Lagunera Dgo.,46.8,31.8,38.4
2023-02-06,Comarca Lagunera Dgo.,45.9,28.4,38.4
2023-02-07,Comarca Lagunera Dgo.,45.7,27.7,37.5
2023-02-08,Comarca Lagunera Dgo.,41.9,24.5,34.2
2023-02-09,Comarca Lagunera Dgo.,45.7,26.9,36.0
2023-02-10,Comarca Lagunera Dgo.,41.8,27.3,34.0
2023-02-11,Comarca Lagunera Dgo.,45.0,27.8,36.6
2023-02-12,Comarca Lagunera Dgo.,49.0,29.5,38.9
2023-02-13,Comarca Lagunera Dgo.,43.5,24.2,34.7
2023-02-14,Comarca Lagunera Dgo.,42.3,24.9,34.9
2023-02-15,Comarca Lagunera Dgo.,45.9,29.6,38.7
2023-02-16,Comarca Lagunera Dgo.,44.9,28.3,36.5
2023-02-17,Comarca Lagunera Dgo.,43.9,25.2,33.7
2023-02-18,Comarca Lagunera Dgo.,43.7,25.7,34.2
2023-02-19,Comarca Lagunera Dgo.,46.8,27.0,37.5
2023-02-20,Comarca Lagunera Dgo.,43.2,26.3,34.5
2023-02-21,Comarca Lagunera Dgo.,42.6,27.3,35.7
2023-02-22,Comarca Lagunera Dgo.,46.4,26.4,38.4
2023-02-23,Comarca Lagunera Dgo.,43.8,25.4,35.1
2023-02-24,Comarca Lagunera Dgo.,44.8,28.3,36.5
2023-02-25,Comarca Lagunera Dgo.,41.4,24.3,33.4
2023-02-26,Comarca Lagunera Dgo.,42.5,29.8,37.3
2023-02-27,Comarca Lagunera Dgo.,41.0,25.1,35.9
2023-02-28,Comarca Lagunera Dgo.,39.1,22.0,31.6
2023-03-01,Comarca Lagunera Dgo.,39.5,22.6,31.6
2023-03-02,Comarca Lagunera Dgo.,44.9,26.6,36.8
2023-03-03,Comarca Lagunera Dgo.,39.3,23.8,32.2
2023-03-04,Comarca Lagunera Dgo.,41.1,25.0,34.6
2023-03-05,Comarca Lagunera Dgo.,40.7,22.7,31.7
2023-03-06,Comarca Lagunera Dgo.,37.0,19.9,28.1
2023-03-07,Comarca Lagunera Dgo.,41.5,24.2,33.8
2023-03-08,Comarca Lagunera Dgo.,39.3,23.6,32.4
2023-03-09,Comarca Lagunera Dgo.,37.6,20.6,29.2
2023-03-10,Comarca Lagunera Dgo.,41.1,25.9,33.8
2023-03-11,Comarca Lagunera Dgo.,41.2,27.0,33.3
2023-03-12,Comarca Lagunera Dgo.,38.9,22.0,30.0
2023-03-13,Comarca Lagunera Dgo.,38.0,21.0,30.2
2023-03-14,Comarca Lagunera Dgo.,35.1,18.0,26.0
2023-03-15,Comarca Lagunera Dgo.,35.2,18.9,26.3
2023-03-16,Comarca Lagunera Dgo.,39.0,19.9,28.9
2023-03-17,Comarca Lagunera Dgo.,37.3,19.6,28.4
2023-03-18,Comarca Lagunera Dgo.,38.0,21.3,28.8
2023-03-19,Comarca Lagunera Dgo.,39.2,20.1,30.7
2023-03-20,Comarca Lagunera Dgo.,38.4,21.7,28.9
2023-03-21,Comarca Lagunera Dgo.,42.0,24.9,32.7
2023-03-22,Comarca Lagunera Dgo.,36.1,17.3,27.0
2023-03-23,Comarca Lagunera Dgo.,38.5,21.5,29.2
2023-03-24,Comarca Lagunera Dgo.,32.9,16.6,25.8
2023-03-25,Comarca Lagunera Dgo.,37.5,19.9,30.3
2023-03-26,Comarca Lagunera Dgo.,34.3,17.6,27.4
2023-03-27,Comarca Lagunera Dgo.,32.6,14.4,24.1
2023-03-28,Comarca Lagunera Dgo.,36.2,17.7,27.0
2023-03-29,Comarca Lagunera Dgo.,33.8,17.7,27.0
2023-03-30,Comarca Lagunera Dgo.,33.8,18.9,26.5
2023-03-31,Comarca Lagunera Dgo.,37.7,21.2,29.8
2023-04-01,Comarca Lagunera Dgo.,31.7,12.0,21.9
2023-04-02,Comarca Lagunera Dgo.,28.8,12.3,21.2
2023-04-03,Comarca Lagunera Dgo.,31.3,14.3,21.7
2023-04-04,Comarca Lagunera Dgo.,35.3,16.4,25.2
2023-04-05,Comarca Lagunera Dgo.,31.3,14.7,23.5
2023-04-06,Comarca Lagunera Dgo.,27.8,12.4,18.9
2023-04-07,Comarca Lagunera Dgo.,35.4,18.5,26.8
2023-04-08,Comarca Lagunera Dgo.,30.9,14.1,23.3
2023-04-09,Comarca Lagunera Dgo.,24.6,10.4,18.2
2023-04-10,Comarca Lagunera Dgo.,28.3,14.3,20.5
2023-04-11,Comarca Lagunera Dgo.,33.0,14.9,23.2
2023-04-12,Comarca Lagunera Dgo.,27.6,9.0,17.9
2023-04-13,Comarca Lagunera Dgo.,31.8,14.7,22.9
2023-04-14,Comarca Lagunera Dgo.,30.7,13.1,21.6
2023-04-15,Comarca Lagunera Dgo.,29.7,14.3,21.6
2023-04-16,Comarca Lagunera Dgo.,31.8,13.2,21.9
2023-04-17,Comarca Lagunera Dgo.,30.1,12.4,20.5
2023-04-18,Comarca Lagunera Dgo.,28.4,9.7,18.8
2023-04-19,Comarca Lagunera Dgo.,30.1,12.3,21.3
2023-04-20,Comarca Lagunera Dgo.,30.6,10.5,20.2
2023-04-21,Comarca Lagunera Dgo.,26.0,7.8,17.5
2023-04-22,Comarca Lagunera Dgo.,27.8,9.4,19.0
2023-04-23,Comarca Lagunera Dgo.,25.9,10.3,18.6
2023-04-24,Comarca Lagunera Dgo.,29.3,9.4,18.3
2023-04-25,Comarca Lagunera Dgo.,31.2,13.8,23.1
2023-04-26,Comarca Lagunera Dgo.,21.4,4.7,13.6
2023-04-27,Comarca Lagunera Dgo.,29.0,11.4,19.0
2023-04-28,Comarca Lagunera Dgo.,29.7,7.3,18.2
2023-04-29,Comarca Lagunera Dgo.,29.6,10.9,20.8
2023-04-30,Comarca Lagunera Dgo.,21.4,3.1,11.6
2023-05-01,Comarca Lagunera Dgo.,22.0,7.7,15.7
2023-05-02,Comarca Lagunera Dgo.,25.5,8.2,13.9
2023-05-03,Comarca Lagunera Dgo.,21.9,6.7,15.0
2023-05-04,Comarca Lagunera Dgo.,23.4,6.3,15.8
2023-05-05,Comarca Lagunera Dgo.,24.2,7.7,16.9
2023-05-06,Comarca Lagunera Dgo.,26.6,8.1,17.5
2023-05-07,Comarca Lagunera Dgo.,21.1,4.9,13.1
2023-05-08,Comarca Lagunera Dgo.,25.0,6.5,15.3
2023-05-09,Comarca Lagunera Dgo.,21.7,5.1,15.5
2023-05-10,Comarca Lagunera Dgo.,21.6,2.5,11.5
2023-05-11,Comarca Lagunera Dgo.,22.5,4.2,14.0
2023-05-12,Comarca Lagunera Dgo.,24.4,3.2,12.5
2023-05-13,Comarca Lagunera Dgo.,22.4,5.4,14.0
2023-05-14,Comarca Lagunera Dgo.,17.5,3.4,10.6
2023-05-15,Comarca Lagunera Dgo.,21.4,1.9,11.5
2023-05-16,Comarca Lagunera Dgo.,17.0,-1.9,7.1
2023-05-17,Comarca Lagunera Dgo.,13.7,-1.7,7.3
2023-05-18,Comarca Lagunera Dgo.,18.2,3.8,10.1
2023-05-19,Comarca Lagunera Dgo.,18.8,1.0,11.1
2023-05-20,Comarca Lagunera Dgo.,17.8,-0.4,7.6
2023-05-21,Comarca Lagunera Dgo.,17.3,1.3,7.9
2023-05-22,Comarca Lagunera Dgo.,17.7,-1.9,9.4
2023-05-23,Comarca Lagunera Dgo.,18.1,2.2,10.4
2023-05-24,Comarca Lagunera Dgo.,19.3,3.2,10.7
2023-05-25,Comarca Lagunera Dgo.,17.6,0.1,7.7
2023-05-26,Comarca Lagunera Dgo.,17.6,-1.1,7.3
2023-05-27,Comarca Lagunera Dgo.,18.6,3.0,10.7
2023-05-28,Comarca Lagunera Dgo.,18.2,2.5,10.8
2023-05-29,Comarca Lagunera Dgo.,18.1,-0.5,9.1
2023-05-30,Comarca Lagunera Dgo.,16.8,-0.6,9.4
2023-05-31,Comarca Lagunera Dgo.,15.0,-2.5,7.3
2023-06-01,Comarca Lagunera Dgo.,12.9,-2.1,5.8
2023-06-02,Comarca Lagunera Dgo.,16.5,-0.9,7.2
2023-06-03,Comarca Lagunera Dgo.,13.2,-5.5,5.1
2023-06-04,Comarca Lagunera Dgo.,14.9,-1.1,5.7
2023-06-05,Comarca Lagunera Dgo.,17.8,0.0,9.4
2023-06-06,Comarca Lagunera Dgo.,12.8,-3.5,5.5
2023-06-07,Comarca Lagunera Dgo.,16.4,0.4,8.5
2023-06-08,Comarca Lagunera Dgo.,14.9,-3.8,5.2
2023-06-09,Comarca Lagunera Dgo.,15.4,-2.1,7.0
2023-06-10,Comarca Lagunera Dgo.,10.0,-4.2,2.8
2023-06-11,Comarca Lagunera Dgo.,13.9,-2.7,6.0
2023-06-12,Comarca Lagunera Dgo.,15.3,-1.6,6.9
2023-06-13,Comarca Lagunera Dgo.,13.7,-4.0,4.8
2023-06-14,Comarca Lagunera Dgo.,12.3,-7.8,4.0
2023-06-15,Comarca Lagunera Dgo.,12.0,-5.2,3.3
2023-06-16,Comarca Lagunera Dgo.,13.1,-1.7,5.2
2023-06-17,Comarca Lagunera Dgo.,15.1,-2.1,5.8
2023-06-18,Comarca Lagunera Dgo.,8.6,-8.5,0.8
2023-06-19,Comarca Lagunera Dgo.,12.5,-5.0,3.4
2023-06-20,Comarca Lagunera Dgo.,14.8,-2.9,5.3
2023-06-21,Comarca Lagunera Dgo.,10.3,-3.7,4.6
2023-06-22,Comarca Lagunera Dgo.,8.6,-10.2,-0.1
2023-06-23,Comarca Lagunera Dgo.,10.3,-6.2,2.0
2023-06-24,Comarca Lagunera Dgo.,10.5,-3.5,2.9
2023-06-25,Comarca Lagunera Dgo.,12.4,-3.8,3.6
2023-06-26,Comarca Lagunera Dgo.,9.2,-5.6,1.3
2023-06-27,Comarca Lagunera Dgo.,14.6,-4.1,5.3
2023-06-28,Comarca Lagunera Dgo.,9.6,-6.6,1.5
2023-06-29,Comarca Lagunera Dgo.,9.7,-7.8,2.1
2023-06-30,Comarca Lagunera Dgo.,9.8,-8.3,0.1
2023-07-01,Comarca Lagunera Dgo.,9.3,-6.2,3.1
2023-07-02,Comarca Lagunera Dgo.,10.9,-8.9,0.4
2023-07-03,Comarca Lagunera Dgo.,8.6,-8.5,-0.2
2023-07-04,Comarca Lagunera Dgo.,10.7,-6.2,2.6
2023-07-05,Comarca Lagunera Dgo.,9.6,-8.1,1.9
2023-07-06,Comarca Lagunera Dgo.,8.5,-7.2,0.1
2023-07-07,Comarca Lagunera Dgo.,8.2,-7.4,1.0
2023-07-08,Comarca Lagunera Dgo.,14.7,-2.9,5.3
2023-07-09,Comarca Lagunera Dgo.,5.8,-12.3,-3.9
2023-07-10,Comarca Lagunera Dgo.,9.4,-10.5,-0.7
2023-07-11,Comarca Lagunera Dgo.,11.6,-6.8,2.3
2023-07-12,Comarca Lagunera Dgo.,13.0,-5.5,2.9
2023-07-13,Comarca Lagunera Dgo.,8.9,-10.0,0.8
2023-07-14,Comarca Lagunera Dgo.,10.2,-8.6,0.9
2023-07-15,Comarca Lagunera Dgo.,10.8,-5.2,1.5
2023-07-16,Comarca Lagunera Dgo.,6.5,-8.1,-1.1
2023-07-17,Comarca Lagunera Dgo.,4.2,-10.5,-1.1
2023-07-18,Comarca Lagunera Dgo.,5.6,-10.1,-0.2
2023-07-19,Comarca Lagunera Dgo.,7.0,-8.5,-0.7
2023-07-20,Comarca Lagunera Dgo.,11.7,-5.8,3.1
2023-07-21,Comarca Lagunera Dgo.,9.6,-7.3,1.0
2023-07-22,Comarca Lagunera Dgo.,10.5,-6.5,2.6
2023-07-23,Comarca Lagunera Dgo.,6.1,-8.9,0.5
2023-07-24,Comarca Lagunera Dgo.,12.9,-3.5,4.2
2023-07-25,Comarca Lagunera Dgo.,11.6,-5.1,3.2
2023-07-26,Comarca Lagunera Dgo.,10.6,-6.5,1.4
2023-07-27,Comarca Lagunera Dgo.,12.2,-6.3,2.2
2023-07-28,Comarca Lagunera Dgo.,9.8,-7.8,0.6
2023-07-29,Comarca Lagunera Dgo.,14.1,-5.3,3.4
2023-07-30,Comarca Lagunera Dgo.,7.2,-9.4,-0.6
2023-07-31,Comarca Lagunera Dgo.,14.4,-2.7,5.6
2023-08-01,Comarca Lagunera Dgo.,9.2,-8.3,1.2
2023-08-02,Comarca Lagunera Dgo.,9.7,-5.8,1.8
2023-08-03,Comarca Lagunera Dgo.,9.5,-5.4,0.9
2023-08-04,Comarca Lagunera Dgo.,5.0,-5.4,-1.1
2023-08-05,Comarca Lagunera Dgo.,11.0,-9.5,0.7
2023-08-06,Comarca Lagunera Dgo.,11.8,-3.6,3.0
2023-08-07,Comarca Lagunera Dgo.,9.1,-7.2,0.2
2023-08-08,Comarca Lagunera Dgo.,9.6,-7.6,-0.0
2023-08-09,Comarca Lagunera Dgo.,12.0,-6.1,2.0
2023-08-10,Comarca Lagunera Dgo.,13.2,-4.9,3.3
2023-08-11,Comarca Lagunera Dgo.,11.1,-7.3,0.5
2023-08-12,Comarca Lagunera Dgo.,12.4,-0.5,5.6
2023-08-13,Comarca Lagunera Dgo.,10.4,-6.2,1.8
2023-08-14,Comarca Lagunera Dgo.,8.5,-7.6,-0.4
2023-08-15,Comarca Lagunera Dgo.,12.5,-6.2,4.0
2023-08-16,Comarca Lagunera Dgo.,8.9,-9.0,0.5
2023-08-17,Comarca Lagunera Dgo.,10.9,-3.5,3.7
2023-08-18,Comarca Lagunera Dgo.,10.0,-5.8,2.9
2023-08-19,Comarca Lagunera Dgo.,15.7,-3.5,5.8
2023-08-20,Comarca Lagunera Dgo.,13.9,-2.6,5.2
2023-08-21,Comarca Lagunera Dgo.,15.8,0.2,8.1
2023-08-22,Comarca Lagunera Dgo.,13.8,-1.2,6.3
2023-08-23,Comarca Lagunera Dgo.,11.3,-5.3,3.4
2023-08-24,Comarca Lagunera Dgo.,15.7,-2.9,6.5
2023-08-25,Comarca Lagunera Dgo.,13.8,-1.2,7.0
2023-08-26,Comarca Lagunera Dgo.,11.7,-7.7,2.6
2023-08-27,Comarca Lagunera Dgo.,15.2,-0.3,7.2
2023-08-28,Comarca Lagunera Dgo.,15.2,-3.3,5.9
2023-08-29,Comarca Lagunera Dgo.,14.3,-3.6,3.8
2023-08-30,Comarca Lagunera Dgo.,10.8,-5.4,2.5
2023-08-31,Comarca Lagunera Dgo.,9.8,-7.3,0.9
2023-09-01,Comarca Lagunera Dgo.,16.2,-0.7,7.5
2023-09-02,Comarca Lagunera Dgo.,15.9,1.7,8.1
2023-09-03,Comarca Lagunera Dgo.,13.4,-3.9,5.8
2023-09-04,Comarca Lagunera Dgo.,9.8,-9.2,-0.7
2023-09-05,Comarca Lagunera Dgo.,12.5,-0.8,6.7
2023-09-06,Comarca Lagunera Dgo.,16.7,-3.1,7.3
2023-09-07,Comarca Lagunera Dgo.,14.8,-4.4,5.6
2023-09-08,Comarca Lagunera Dgo.,13.2,-2.1,6.1
2023-09-09,Comarca Lagunera Dgo.,15.8,-1.2,8.0
2023-09-10,Comarca Lagunera Dgo.,17.6,-0.7,9.1
2023-09-11,Comarca Lagunera Dgo.,12.9,-3.8,4.6
2023-09-12,Comarca Lagunera Dgo.,11.6,-2.8,5.2
2023-09-13,Comarca Lagunera Dgo.,17.6,0.1,8.4
2023-09-14,Comarca Lagunera Dgo.,14.7,-1.4,5.8
2023-09-15,Comarca Lagunera Dgo.,15.6,-1.6,7.5
2023-09-16,Comarca Lagunera Dgo.,17.9,0.7,9.2
2023-09-17,Comarca Lagunera Dgo.,18.0,2.4,11.6
2023-09-18,Comarca Lagunera Dgo.,20.3,2.6,12.2
2023-09-19,Comarca Lagunera Dgo.,18.1,2.4,11.1
2023-09-20,Comarca Lagunera Dgo.,20.4,0.1,11.3
2023-09-21,Comarca Lagunera Dgo.,25.2,4.9,14.2
2023-09-22,Comarca Lagunera Dgo.,21.3,4.6,14.1
2023-09-23,Comarca Lagunera Dgo.,21.8,7.7,15.8
2023-09-24,Comarca Lagunera Dgo.,21.8,5.4,14.1
2023-09-25,Comarca Lagunera Dgo.,24.0,3.6,14.5
2023-09-26,Comarca Lagunera Dgo.,23.0,5.8,14.0
2023-09-27,Comarca Lagunera Dgo.,20.8,3.3,12.4
2023-09-28,Comarca Lagunera Dgo.,19.5,2.7,10.8
2023-09-29,Comarca Lagunera Dgo.,23.5,6.9,15.2
2023-09-30,Comarca Lagunera Dgo.,25.9,8.7,17.0
2023-10-01,Comarca Lagunera Dgo.,21.2,5.0,12.7
2023-10-02,Comarca Lagunera Dgo.,21.5,4.6,12.6
2023-10-03,Comarca Lagunera Dgo.,20.4,6.5,12.3
2023-10-04,Comarca Lagunera Dgo.,26.2,8.3,17.3
2023-10-05,Comarca Lagunera Dgo.,25.7,7.1,16.0
2023-10-06,Comarca Lagunera Dgo.,19.5,3.0,13.2
2023-10-07,Comarca Lagunera Dgo.,21.5,4.8,13.7
2023-10-08,Comarca Lagunera Dgo.,23.8,6.2,14.6
2023-10-09,Comarca Lagunera Dgo.,27.6,10.6,18.6
2023-10-10,Comarca Lagunera Dgo.,25.0,4.5,14.4
2023-10-11,Comarca Lagunera Dgo.,23.3,5.8,14.4
2023-10-12,Comarca Lagunera Dgo.,25.2,6.3,15.7
2023-10-13,Comarca Lagunera Dgo.,23.5,7.8,16.8
2023-10-14,Comarca Lagunera Dgo.,29.8,11.9,21.0
2023-10-15,Comarca Lagunera Dgo.,29.6,9.9,18.5
2023-10-16,Comarca Lagunera Dgo.,25.5,7.5,16.4
2023-10-17,Comarca Lagunera Dgo.,25.1,9.4,17.1
2023-10-18,Comarca Lagunera Dgo.,28.0,9.7,18.9
2023-10-19,Comarca Lagunera Dgo.,26.3,11.6,18.5
2023-10-20,Comarca Lagunera Dgo.,26.7,9.0,18.3
2023-10-21,Comarca Lagunera Dgo.,22.2,1.3,13.5
2023-10-22,Comarca Lagunera Dgo.,27.3,10.1,18.3
2023-10-23,Comarca Lagunera Dgo.,28.7,11.8,21.2
2023-10-24,Comarca Lagunera Dgo.,29.0,13.3,21.8
2023-10-25,Comarca Lagunera Dgo.,34.0,16.2,24.7
2023-10-26,Comarca Lagunera Dgo.,28.2,8.9,19.8
2023-10-27,Comarca Lagunera Dgo.,30.6,15.5,22.0
2023-10-28,Comarca Lagunera Dgo.,33.4,19.1,25.8
2023-10-29,Comarca Lagunera Dgo.,30.6,12.7,22.1
2023-10-30,Comarca Lagunera Dgo.,31.9,14.0,22.7
2023-10-31,Comarca Lagunera Dgo.,31.8,16.9,25.3
2023-11-01,Comarca Lagunera Dgo.,33.5,16.3,24.2
2023-11-02,Comarca Lagunera Dgo.,30.3,15.3,22.0
2023-11-03,Comarca Lagunera Dgo.,34.4,17.1,26.2
2023-11-04,Comarca Lagunera Dgo.,32.9,17.1,23.8
2023-11-05,Comarca Lagunera Dgo.,34.7,19.1,25.8
2023-11-06,Comarca Lagunera Dgo.,34.1,17.7,27.4
2023-11-07,Comarca Lagunera Dgo.,32.4,13.7,23.0
2023-11-08,Comarca Lagunera Dgo.,34.6,19.3,25.7
2023-11-09,Comarca Lagunera Dgo.,35.2,15.1,26.4
2023-11-10,Comarca Lagunera Dgo.,34.5,18.0,25.4
2023-11-11,Comarca Lagunera Dgo.,37.7,19.5,28.1
2023-11-12,Comarca Lagunera Dgo.,38.5,20.3,28.3
2023-11-13,Comarca Lagunera Dgo.,41.1,21.2,31.9
2023-11-14,Comarca Lagunera Dgo.,37.5,19.4,28.4
2023-11-15,Comarca Lagunera Dgo.,36.3,21.4,28.5
2023-11-16,Comarca Lagunera Dgo.,38.1,17.6,28.8
2023-11-17,Comarca Lagunera Dgo.,36.3,19.3,27.2
2023-11-18,Comarca Lagunera Dgo.,37.1,18.6,28.0
2023-11-19,Comarca Lagunera Dgo.,37.7,22.6,30.2
2023-11-20,Comarca Lagunera Dgo.,42.5,23.9,33.1
2023-11-21,Comarca Lagunera Dgo.,37.2,19.8,27.9
2023-11-22,Comarca Lagunera Dgo.,39.0,21.0,29.0
2023-11-23,Comarca Lagunera Dgo.,35.0,20.7,30.1
2023-11-24,Comarca Lagunera Dgo.,39.1,24.3,31.2
2023-11-25,Comarca Lagunera Dgo.,40.3,21.2,29.9
2023-11-26,Comarca Lagunera Dgo.,34.0,19.5,28.4
2023-11-27,Comarca Lagunera Dgo.,36.2,19.0,29.3
2023-11-28,Comarca Lagunera Dgo.,40.3,20.1,29.7
2023-11-29,Comarca Lagunera Dgo.,39.2,22.4,31.9
2023-11-30,Comarca Lagunera Dgo.,39.2,21.3,29.6
2023-12-01,Comarca Lagunera Dgo.,44.4,26.5,35.1
2023-12-02,Comarca Lagunera Dgo.,35.7,19.7,28.9
2023-12-03,Comarca Lagunera Dgo.,44.5,25.8,36.0
2023-12-04,Comarca Lagunera Dgo.,43.7,26.1,34.8
2023-12-05,Comarca Lagunera Dgo.,42.9,26.1,34.3
2023-12-06,Comarca Lagunera Dgo.,43.6,29.3,35.9
2023-12-07,Comarca Lagunera Dgo.,40.3,24.6,32.3
2023-12-08,Comarca Lagunera Dgo.,38.3,19.6,31.4
2023-12-09,Comarca Lagunera Dgo.,41.0,23.8,33.1
2023-12-10,Comarca Lagunera Dgo.,47.1,29.4,38.3
2023-12-11,Comarca Lagunera Dgo.,41.7,26.6,35.7
2023-12-12,Comarca Lagunera Dgo.,41.3,24.4,33.6
2023-12-13,Comarca Lagunera Dgo.,39.0,22.2,31.4
2023-12-14,Comarca Lagunera Dgo.,43.5,27.7,33.8
2023-12-15,Comarca Lagunera Dgo.,44.4,27.0,35.2
2023-12-16,Comarca Lagunera Dgo.,42.4,26.0,34.4
2023-12-17,Comarca Lagunera Dgo.,42.9,26.5,36.3
2023-12-18,Comarca Lagunera Dgo.,45.1,30.2,37.0
2023-12-19,Comarca Lagunera Dgo.,45.1,30.6,37.3
2023-12-20,Comarca Lagunera Dgo.,45.1,27.4,35.9
2023-12-21,Comarca Lagunera Dgo.,44.7,29.8,37.8
2023-12-22,Comarca Lagunera Dgo.,46.2,29.9,35.6
2023-12-23,Comarca Lagunera Dgo.,47.0,31.0,39.1
2023-12-24,Comarca Lagunera Dgo.,43.0,25.3,33.9
2023-12-25,Comarca Lagunera Dgo.,42.2,22.4,32.8
2023-12-26,Comarca Lagunera Dgo.,47.4,31.5,38.8
2023-12-27,Comarca Lagunera Dgo.,43.7,24.5,33.8
2023-12-28,Comarca Lagunera Dgo.,49.0,30.3,38.9
2023-12-29,Comarca Lagunera Dgo.,46.8,31.3,39.4
2023-12-30,Comarca Lagunera Dgo.,44.6,28.8,36.4
2023-12-31,Comarca Lagunera Dgo.,48.0,31.2,39.0
2024-01-01,Comarca Lagunera Dgo.,48.5,31.1,39.8
2024-01-02,Comarca Lagunera Dgo.,45.9,25.0,34.8
2024-01-03,Comarca Lagunera Dgo.,47.8,29.3,39.5
2024-01-04,Comarca Lagunera Dgo.,45.2,28.6,37.7
2024-01-05,Comarca Lagunera Dgo.,51.5,32.7,42.4
2024-01-06,Comarca Lagunera Dgo.,48.5,32.2,39.5
2024-01-07,Comarca Lagunera Dgo.,48.7,28.8,37.5
2024-01-08,Comarca Lagunera Dgo.,41.8,26.8,35.2
2024-01-09,Comarca Lagunera Dgo.,43.6,30.0,36.7
2024-01-10,Comarca Lagunera Dgo.,44.8,28.1,36.2
2024-01-11,Comarca Lagunera Dgo.,46.0,29.8,39.1
2024-01-12,Comarca Lagunera Dgo.,42.8,25.6,34.9
2024-01-13,Comarca Lagunera Dgo.,43.7,26.2,34.7
2024-01-14,Comarca Lagunera Dgo.,51.7,31.8,41.0
2024-01-15,Comarca Lagunera Dgo.,50.4,31.6,41.7
2024-01-16,Comarca Lagunera Dgo.,41.4,26.6,34.1
2024-01-17,Comarca Lagunera Dgo.,47.8,32.1,40.2
2024-01-18,Comarca Lagunera Dgo.,49.1,30.8,40.1
2024-01-19,Comarca Lagunera Dgo.,47.6,27.0,36.1
2024-01-20,Comarca Lagunera Dgo.,44.2,28.8,36.2
2024-01-21,Comarca Lagunera Dgo.,47.6,33.4,40.5
2024-01-22,Comarca Lagunera Dgo.,48.3,30.0,39.6
2024-01-23,Comarca Lagunera Dgo.,50.3,32.8,40.2
2024-01-24,Comarca Lagunera Dgo.,44.2,31.7,36.9
2024-01-25,Comarca Lagunera Dgo.,46.3,31.1,37.9
2024-01-26,Comarca Lagunera Dgo.,46.0,30.5,39.2
2024-01-27,Comarca Lagunera Dgo.,45.4,27.8,37.6
2024-01-28,Comarca Lagunera Dgo.,48.9,32.4,40.1
2024-01-29,Comarca Lagunera Dgo.,48.0,31.7,39.9
2024-01-30,Comarca Lagunera Dgo.,45.5,28.1,36.3
2024-01-31,Comarca Lagunera Dgo.,45.2,30.1,37.6
2024-02-01,Comarca Lagunera Dgo.,43.5,26.4,36.1
2024-02-02,Comarca Lagunera Dgo.,46.2,29.4,38.2
2024-02-03,Comarca Lagunera Dgo.,47.6,31.9,39.3
2024-02-04,Comarca Lagunera Dgo.,42.8,26.3,35.0
2024-02-05,Comarca Lagunera Dgo.,46.5,28.4,36.2
2024-02-06,Comarca Lagunera Dgo.,48.4,31.9,39.9
2024-02-07,Comarca Lagunera Dgo.,45.1,28.3,36.8
2024-02-08,Comarca Lagunera Dgo.,37.9,23.3,31.6
2024-02-09,Comarca Lagunera Dgo.,39.0,23.2,31.5
2024-02-10,Comarca Lagunera Dgo.,43.6,29.7,34.6
2024-02-11,Comarca Lagunera Dgo.,40.6,19.8,31.0
2024-02-12,Comarca Lagunera Dgo.,42.6,27.7,35.2
2024-02-13,Comarca Lagunera Dgo.,45.1,28.8,36.8
2024-02-14,Comarca Lagunera Dgo.,41.7,23.8,32.7
2024-02-15,Comarca Lagunera Dgo.,40.8,24.0,31.3
2024-02-16,Comarca Lagunera Dgo.,44.7,27.7,36.9
2024-02-17,Comarca Lagunera Dgo.,39.0,24.4,31.7
2024-02-18,Comarca Lagunera Dgo.,41.3,24.8,34.0
2024-02-19,Comarca Lagunera Dgo.,47.4,27.2,35.9
2024-02-20,Comarca Lagunera Dgo.,43.5,26.4,35.2
2024-02-21,Comarca Lagunera Dgo.,44.2,25.9,35.4
2024-02-22,Comarca Lagunera Dgo.,40.9,22.0,31.8
2024-02-23,Comarca Lagunera Dgo.,45.9,28.4,36.2
2024-02-24,Comarca Lagunera Dgo.,46.2,32.8,38.9
2024-02-25,Comarca Lagunera Dgo.,43.8,24.1,33.7
2024-02-26,Comarca Lagunera Dgo.,42.8,25.9,33.5
2024-02-27,Comarca Lagunera Dgo.,42.1,26.2,35.8
2024-02-28,Comarca Lagunera Dgo.,40.8,24.1,32.3
2024-02-29,Comarca Lagunera Dgo.,39.3,21.6,31.5
2024-03-01,Comarca Lagunera Dgo.,42.0,24.9,34.0
2024-03-02,Comarca Lagunera Dgo.,41.2,23.9,33.2
2024-03-03,Comarca Lagunera Dgo.,43.9,24.7,33.5
2024-03-04,Comarca Lagunera Dgo.,38.3,23.8,31.6
2024-03-05,Comarca Lagunera Dgo.,45.7,28.0,34.9
2024-03-06,Comarca Lagunera Dgo.,38.4,22.2,29.8
2024-03-07,Comarca Lagunera Dgo.,35.9,19.0,27.0
2024-03-08,Comarca Lagunera Dgo.,38.9,23.4,32.3
2024-03-09,Comarca Lagunera Dgo.,43.5,27.5,34.0
2024-03-10,Comarca Lagunera Dgo.,35.9,17.2,27.3
2024-03-11,Comarca Lagunera Dgo.,37.0,20.5,29.4
2024-03-12,Comarca Lagunera Dgo.,34.2,19.6,26.9
2024-03-13,Comarca Lagunera Dgo.,33.8,18.0,26.2
2024-03-14,Comarca Lagunera Dgo.,37.3,20.3,28.5
2024-03-15,Comarca Lagunera Dgo.,42.3,26.0,32.7
2024-03-16,Comarca Lagunera Dgo.,37.3,20.3,28.0
2024-03-17,Comarca Lagunera Dgo.,38.5,23.9,32.4
2024-03-18,Comarca Lagunera Dgo.,38.7,20.8,28.8
2024-03-19,Comarca Lagunera Dgo.,37.8,23.1,32.1
2024-03-20,Comarca Lagunera Dgo.,37.8,19.8,30.2
2024-03-21,Comarca Lagunera Dgo.,33.3,16.8,25.0
2024-03-22,Comarca Lagunera Dgo.,37.1,21.1,29.9
2024-03-23,Comarca Lagunera Dgo.,41.4,22.9,30.7
2024-03-24,Comarca Lagunera Dgo.,31.9,16.9,24.9
2024-03-25,Comarca Lagunera Dgo.,38.7,20.9,28.8
2024-03-26,Comarca Lagunera Dgo.,31.0,14.2,23.3
2024-03-27,Comarca Lagunera Dgo.,35.9,20.8,27.4
2024-03-28,Comarca Lagunera Dgo.,32.2,17.7,25.9
2024-03-29,Comarca Lagunera Dgo.,30.8,11.3,22.2
2024-03-30,Comarca Lagunera Dgo.,37.1,23.2,29.7
2024-03-31,Comarca Lagunera Dgo.,36.3,18.1,25.9
2024-04-01,Comarca Lagunera Dgo.,32.4,13.9,21.6
2024-04-02,Comarca Lagunera Dgo.,35.3,14.4,25.6
2024-04-03,Comarca Lagunera Dgo.,35.4,17.7,28.1
2024-04-04,Comarca Lagunera Dgo.,35.0,17.2,26.6
2024-04-05,Comarca Lagunera Dgo.,36.9,17.7,26.4
2024-04-06,Comarca Lagunera Dgo.,30.6,12.2,21.1
2024-04-07,Comarca Lagunera Dgo.,35.5,20.0,26.2
2024-04-08,Comarca Lagunera Dgo.,30.6,13.2,21.7
2024-04-09,Comarca Lagunera Dgo.,28.7,8.7,19.4
2024-04-10,Comarca Lagunera Dgo.,28.6,13.2,21.3
2024-04-11,Comarca Lagunera Dgo.,30.8,13.2,22.7
2024-04-12,Comarca Lagunera Dgo.,31.4,13.8,22.3
2024-04-13,Comarca Lagunera Dgo.,27.9,9.0,17.4
2024-04-14,Comarca Lagunera Dgo.,25.4,9.9,17.7
2024-04-15,Comarca Lagunera Dgo.,30.0,11.4,20.3
2024-04-16,Comarca Lagunera Dgo.,29.0,17.0,22.8
2024-04-17,Comarca Lagunera Dgo.,31.8,15.0,23.1
2024-04-18,Comarca Lagunera Dgo.,30.9,11.4,22.6
2024-04-19,Comarca Lagunera Dgo.,23.5,6.5,15.9
2024-04-20,Comarca Lagunera Dgo.,29.1,10.1,20.4
2024-04-21,Comarca Lagunera Dgo.,28.9,9.7,18.7
2024-04-22,Comarca Lagunera Dgo.,25.6,7.7,15.8
2024-04-23,Comarca Lagunera Dgo.,23.7,3.9,14.7
2024-04-24,Comarca Lagunera Dgo.,24.2,7.3,16.5
2024-04-25,Comarca Lagunera Dgo.,24.3,7.3,15.5
2024-04-26,Comarca Lagunera Dgo.,22.2,4.9,13.6
2024-04-27,Comarca Lagunera Dgo.,23.6,7.3,16.5
2024-04-28,Comarca Lagunera Dgo.,26.2,7.4,15.7
2024-04-29,Comarca Lagunera Dgo.,21.4,6.3,14.6
2024-04-30,Comarca Lagunera Dgo.,22.1,4.9,13.0
2024-05-01,Comarca Lagunera Dgo.,26.1,6.1,15.8
2024-05-02,Comarca Lagunera Dgo.,27.1,9.6,16.6
2024-05-03,Comarca Lagunera Dgo.,21.4,6.0,15.0
2024-05-04,Comarca Lagunera Dgo.,20.3,1.6,11.7
2024-05-05,Comarca Lagunera Dgo.,21.0,3.2,12.3
2024-05-06,Comarca Lagunera Dgo.,19.3,6.0,13.9
2024-05-07,Comarca Lagunera Dgo.,20.5,3.7,12.6
2024-05-08,Comarca Lagunera Dgo.,17.2,1.4,9.5
2024-05-09,Comarca Lagunera Dgo.,22.4,5.9,13.7
2024-05-10,Comarca Lagunera Dgo.,16.2,3.4,8.6
2024-05-11,Comarca Lagunera Dgo.,21.0,5.1,13.6
2024-05-12,Comarca Lagunera Dgo.,17.9,1.3,9.8
2024-05-13,Comarca Lagunera Dgo.,19.3,6.0,11.7
2024-05-14,Comarca Lagunera Dgo.,15.9,-1.6,7.6
2024-05-15,Comarca Lagunera Dgo.,16.0,-0.2,9.1
2024-05-16,Comarca Lagunera Dgo.,12.5,-4.9,4.5
2024-05-17,Comarca Lagunera Dgo.,21.4,4.8,12.8
2024-05-18,Comarca Lagunera Dgo.,18.7,2.9,11.0
2024-05-19,Comarca Lagunera Dgo.,21.7,0.6,11.7
2024-05-20,Comarca Lagunera Dgo.,16.5,-0.4,8.5
2024-05-21,Comarca Lagunera Dgo.,18.5,1.5,10.4
2024-05-22,Comarca Lagunera Dgo.,18.8,1.6,9.1
2024-05-23,Comarca Lagunera Dgo.,17.0,-0.4,7.7
2024-05-24,Comarca Lagunera Dgo.,15.0,-3.3,5.7
2024-05-25,Comarca Lagunera Dgo.,16.3,-4.2,8.2
2024-05-26,Comarca Lagunera Dgo.,15.5,-2.0,7.7
2024-05-27,Comarca Lagunera Dgo.,19.4,0.3,10.2
2024-05-28,Comarca Lagunera Dgo.,15.4,-0.7,6.6
2024-05-29,Comarca Lagunera Dgo.,17.4,-0.9,7.3
2024-05-30,Comarca Lagunera Dgo.,17.0,0.9,8.2
2024-05-31,Comarca Lagunera Dgo.,18.8,0.9,8.7
2024-06-01,Comarca Lagunera Dgo.,14.8,-3.4,5.4
2024-06-02,Comarca Lagunera Dgo.,19.4,2.6,10.9
2024-06-03,Comarca Lagunera Dgo.,12.8,-6.8,2.1
2024-06-04,Comarca Lagunera Dgo.,15.9,-2.1,6.8
2024-06-05,Comarca Lagunera Dgo.,13.1,-2.3,5.6
2024-06-06,Comarca Lagunera Dgo.,10.0,-5.5,3.3
2024-06-07,Comarca Lagunera Dgo.,14.6,-3.2,7.3
2024-06-08,Comarca Lagunera Dgo.,12.2,-3.7,2.3
2024-06-09,Comarca Lagunera Dgo.,12.7,-5.2,3.5
2024-06-10,Comarca Lagunera Dgo.,6.0,-9.8,-0.9
2024-06-11,Comarca Lagunera Dgo.,13.5,-2.3,6.1
2024-06-12,Comarca Lagunera Dgo.,12.5,-3.9,4.7
2024-06-13,Comarca Lagunera Dgo.,15.1,-2.8,5.8
2024-06-14,Comarca Lagunera Dgo.,11.4,-8.4,3.4
2024-06-15,Comarca Lagunera Dgo.,11.1,-6.5,3.5
2024-06-16,Comarca Lagunera Dgo.,11.5,-3.7,1.6
2024-06-17,Comarca Lagunera Dgo.,11.5,-4.4,4.4
2024-06-18,Comarca Lagunera Dgo.,16.5,-3.7,5.7
2024-06-19,Comarca Lagunera Dgo.,11.6,-2.7,4.0
2024-06-20,Comarca Lagunera Dgo.,6.6,-9.0,-1.1
2024-06-21,Comarca Lagunera Dgo.,12.5,-5.1,3.7
2024-06-22,Comarca Lagunera Dgo.,6.3,-10.6,-2.4
2024-06-23,Comarca Lagunera Dgo.,9.5,-8.4,2.6
2024-06-24,Comarca Lagunera Dgo.,12.5,-6.0,2.8
2024-06-25,Comarca Lagunera Dgo.,7.3,-11.1,-1.1
2024-06-26,Comarca Lagunera Dgo.,13.7,-5.9,2.6
2024-06-27,Comarca Lagunera Dgo.,8.8,-9.0,1.5
2024-06-28,Comarca Lagunera Dgo.,7.3,-11.5,-1.1
2024-06-29,Comarca Lagunera Dgo.,7.5,-7.5,0.9
2024-06-30,Comarca Lagunera Dgo.,16.1,-3.7,5.5
2024-07-01,Comarca Lagunera Dgo.,11.3,-6.0,3.8
2024-07-02,Comarca Lagunera Dgo.,10.0,-9.1,-0.2
2024-07-03,Comarca Lagunera Dgo.,11.1,-4.8,3.6
2024-07-04,Comarca Lagunera Dgo.,11.7,-7.3,2.4
2024-07-05,Comarca Lagunera Dgo.,11.8,-5.7,3.7
2024-07-06,Comarca Lagunera Dgo.,13.4,-3.9,2.9
2024-07-07,Comarca Lagunera Dgo.,11.3,-7.1,1.3
2024-07-08,Comarca Lagunera Dgo.,8.4,-7.4,0.2
2024-07-09,Comarca Lagunera Dgo.,12.5,-7.2,2.0
2024-07-10,Comarca Lagunera Dgo.,8.1,-5.3,0.5
2024-07-11,Comarca Lagunera Dgo.,5.3,-8.6,-1.4
2024-07-12,Comarca Lagunera Dgo.,9.1,-7.8,1.6
2024-07-13,Comarca Lagunera Dgo.,9.0,-9.8,-0.8
2024-07-14,Comarca Lagunera Dgo.,13.9,-5.6,2.9
2024-07-15,Comarca Lagunera Dgo.,11.4,-5.5,1.8
2024-07-16,Comarca Lagunera Dgo.,12.3,-5.2,2.5
2024-07-17,Comarca Lagunera Dgo.,10.7,-7.5,1.6
2024-07-18,Comarca Lagunera Dgo.,9.1,-8.1,1.1
2024-07-19,Comarca Lagunera Dgo.,8.7,-9.7,-0.5
2024-07-20,Comarca Lagunera Dgo.,10.3,-7.4,1.6
2024-07-21,Comarca Lagunera Dgo.,6.5,-10.8,-2.9
2024-07-22,Comarca Lagunera Dgo.,10.3,-5.3,2.8
2024-07-23,Comarca Lagunera Dgo.,10.0,-6.3,2.1
2024-07-24,Comarca Lagunera Dgo.,8.6,-5.6,1.7
2024-07-25,Comarca Lagunera Dgo.,10.3,-5.9,2.2
2024-07-26,Comarca Lagunera Dgo.,11.6,-5.8,3.6
2024-07-27,Comarca Lagunera Dgo.,8.0,-9.1,-1.2
2024-07-28,Comarca Lagunera Dgo.,5.5,-8.7,-2.0
2024-07-29,Comarca Lagunera Dgo.,10.8,-3.2,3.2
2024-07-30,Comarca Lagunera Dgo.,7.5,-8.7,-0.6
2024-07-31,Comarca Lagunera Dgo.,10.5,-5.9,1.8
2024-08-01,Comarca Lagunera Dgo.,12.3,-5.7,3.7
2024-08-02,Comarca Lagunera Dgo.,8.2,-5.8,0.7
2024-08-03,Comarca Lagunera Dgo.,8.8,-6.9,1.2
2024-08-04,Comarca Lagunera Dgo.,6.8,-10.4,-1.9
2024-08-05,Comarca Lagunera Dgo.,10.7,-5.4,3.1
2024-08-06,Comarca Lagunera Dgo.,8.6,-5.2,2.4
2024-08-07,Comarca Lagunera Dgo.,10.9,-7.2,2.0
2024-08-08,Comarca Lagunera Dgo.,7.5,-7.8,1.1
2024-08-09,Comarca Lagunera Dgo.,9.9,-5.3,-0.2
2024-08-10,Comarca Lagunera Dgo.,7.4,-8.6,-0.2
2024-08-11,Comarca Lagunera Dgo.,15.8,-3.9,3.7
2024-08-12,Comarca Lagunera Dgo.,12.7,-4.1,4.8
2024-08-13,Comarca Lagunera Dgo.,11.8,-5.9,2.2
2024-08-14,Comarca Lagunera Dgo.,12.0,-6.5,1.9
2024-08-15,Comarca Lagunera Dgo.,12.2,-3.2,5.1
2024-08-16,Comarca Lagunera Dgo.,9.8,-6.5,2.1
2024-08-17,Comarca Lagunera Dgo.,12.9,-2.3,5.2
2024-08-18,Comarca Lagunera Dgo.,12.1,-4.8,3.3
2024-08-19,Comarca Lagunera Dgo.,12.4,-5.4,3.9
2024-08-20,Comarca Lagunera Dgo.,8.1,-8.7,-0.8
2024-08-21,Comarca Lagunera Dgo.,14.5,-4.0,4.9
2024-08-22,Comarca Lagunera Dgo.,12.9,-3.1,3.9
2024-08-23,Comarca Lagunera Dgo.,13.9,-4.6,4.7
2024-08-24,Comarca Lagunera Dgo.,11.9,-3.7,4.5
2024-08-25,Comarca Lagunera Dgo.,9.5,-5.1,2.2
2024-08-26,Comarca Lagunera Dgo.,15.2,-2.5,5.6
2024-08-27,Comarca Lagunera Dgo.,12.9,-4.6,4.5
2024-08-28,Comarca Lagunera Dgo.,8.4,-7.7,1.3
2024-08-29,Comarca Lagunera Dgo.,12.2,-6.7,4.4
2024-08-30,Comarca Lagunera Dgo.,17.5,-1.3,8.3
2024-08-31,Comarca Lagunera Dgo.,18.3,0.5,9.0
2024-09-01,Comarca Lagunera Dgo.,14.3,-1.8,6.2
2024-09-02,Comarca Lagunera Dgo.,17.6,3.1,9.1
2024-09-03,Comarca Lagunera Dgo.,16.1,3.6,9.6
2024-09-04,Comarca Lagunera Dgo.,12.9,-1.7,6.2
2024-09-05,Comarca Lagunera Dgo.,16.2,-3.0,7.9
2024-09-06,Comarca Lagunera Dgo.,18.2,1.4,9.9
2024-09-07,Comarca Lagunera Dgo.,12.3,-3.3,4.9
2024-09-08,Comarca Lagunera Dgo.,15.0,-0.9,8.4
2024-09-09,Comarca Lagunera Dgo.,13.6,-3.0,6.9
2024-09-10,Comarca Lagunera Dgo.,21.1,-0.4,10.4
2024-09-11,Comarca Lagunera Dgo.,20.8,0.5,10.5
2024-09-12,Comarca Lagunera Dgo.,19.2,3.6,11.5
2024-09-13,Comarca Lagunera Dgo.,18.9,1.6,9.7
2024-09-14,Comarca Lagunera Dgo.,22.8,2.8,12.8
2024-09-15,Comarca Lagunera Dgo.,15.5,-3.1,6.4
2024-09-16,Comarca Lagunera Dgo.,18.6,3.1,9.7
2024-09-17,Comarca Lagunera Dgo.,17.3,1.4,9.0
2024-09-18,Comarca Lagunera Dgo.,20.2,2.7,11.0
2024-09-19,Comarca Lagunera Dgo.,21.3,5.8,14.6
2024-09-20,Comarca Lagunera Dgo.,22.9,5.8,15.0
2024-09-21,Comarca Lagunera Dgo.,19.8,5.2,12.6
2024-09-22,Comarca Lagunera Dgo.,19.3,2.5,11.7
2024-09-23,Comarca Lagunera Dgo.,24.4,4.7,15.0
2024-09-24,Comarca Lagunera Dgo.,18.3,3.6,11.2
2024-09-25,Comarca Lagunera Dgo.,21.1,4.6,12.2
2024-09-26,Comarca Lagunera Dgo.,18.2,3.7,9.1
2024-09-27,Comarca Lagunera Dgo.,27.2,4.1,15.8
2024-09-28,Comarca Lagunera Dgo.,20.9,1.5,12.1
2024-09-29,Comarca Lagunera Dgo.,26.4,6.9,16.6
2024-09-30,Comarca Lagunera Dgo.,25.9,6.5,16.3
2024-10-01,Comarca Lagunera Dgo.,18.3,2.2,10.5
2024-10-02,Comarca Lagunera Dgo.,23.0,6.8,16.4
2024-10-03,Comarca Lagunera Dgo.,22.8,6.8,15.0
2024-10-04,Comarca Lagunera Dgo.,25.6,12.2,18.8
2024-10-05,Comarca Lagunera Dgo.,25.7,9.2,16.8
2024-10-06,Comarca Lagunera Dgo.,29.0,12.8,20.0
2024-10-07,Comarca Lagunera Dgo.,22.6,8.1,15.8
2024-10-08,Comarca Lagunera Dgo.,25.8,9.3,16.7
2024-10-09,Comarca Lagunera Dgo.,24.4,8.5,16.2
2024-10-10,Comarca Lagunera Dgo.,29.1,7.7,17.9
2024-10-11,Comarca Lagunera Dgo.,29.1,10.9,19.7
2024-10-12,Comarca Lagunera Dgo.,21.4,4.7,13.9
2024-10-13,Comarca Lagunera Dgo.,31.0,13.9,22.2
2024-10-14,Comarca Lagunera Dgo.,24.7,7.1,15.3
2024-10-15,Comarca Lagunera Dgo.,28.7,11.2,19.8
2024-10-16,Comarca Lagunera Dgo.,30.3,9.7,18.8
2024-10-17,Comarca Lagunera Dgo.,32.0,12.7,22.2
2024-10-18,Comarca Lagunera Dgo.,31.6,15.5,22.7
2024-10-19,Comarca Lagunera Dgo.,25.9,9.9,17.9
2024-10-20,Comarca Lagunera Dgo.,30.8,13.9,22.1
2024-10-21,Comarca Lagunera Dgo.,26.5,12.7,19.6
2024-10-22,Comarca Lagunera Dgo.,33.2,16.0,23.9
2024-10-23,Comarca Lagunera Dgo.,25.5,10.3,17.2
2024-10-24,Comarca Lagunera Dgo.,35.2,17.1,25.4
2024-10-25,Comarca Lagunera Dgo.,33.8,15.8,23.9
2024-10-26,Comarca Lagunera Dgo.,33.4,19.9,26.7
2024-10-27,Comarca Lagunera Dgo.,31.0,14.8,23.1
2024-10-28,Comarca Lagunera Dgo.,34.7,17.1,23.8
2024-10-29,Comarca Lagunera Dgo.,31.1,14.8,21.3
2024-10-30,Comarca Lagunera Dgo.,37.6,17.2,26.9
2024-10-31,Comarca Lagunera Dgo.,30.8,12.7,22.7
2024-11-01,Comarca Lagunera Dgo.,31.8,14.5,23.6
2024-11-02,Comarca Lagunera Dgo.,31.1,15.5,23.5
2024-11-03,Comarca Lagunera Dgo.,33.5,16.0,22.9
2024-11-04,Comarca Lagunera Dgo.,28.5,14.6,22.4
2024-11-05,Comarca Lagunera Dgo.,30.7,13.7,22.1
2024-11-06,Comarca Lagunera Dgo.,35.0,17.7,26.8
2024-11-07,Comarca Lagunera Dgo.,31.4,17.1,24.4
2024-11-08,Comarca Lagunera Dgo.,34.0,19.8,26.8
2024-11-09,Comarca Lagunera Dgo.,37.2,19.0,27.7
2024-11-10,Comarca Lagunera Dgo.,43.5,24.9,32.9
2024-11-11,Comarca Lagunera Dgo.,37.1,21.8,29.1
2024-11-12,Comarca Lagunera Dgo.,34.0,18.4,26.6
2024-11-13,Comarca Lagunera Dgo.,34.9,15.7,25.8
2024-11-14,Comarca Lagunera Dgo.,37.8,18.1,28.1
2024-11-15,Comarca Lagunera Dgo.,34.7,19.4,28.3
2024-11-16,Comarca Lagunera Dgo.,35.9,16.5,26.4
2024-11-17,Comarca Lagunera Dgo.,38.0,19.8,30.2
2024-11-18,Comarca Lagunera Dgo.,36.3,24.0,28.6
2024-11-19,Comarca Lagunera Dgo.,39.5,21.2,29.5
2024-11-20,Comarca Lagunera Dgo.,42.2,27.0,34.4
2024-11-21,Comarca Lagunera Dgo.,40.6,20.2,30.7
2024-11-22,Comarca Lagunera Dgo.,38.5,23.9,31.0
2024-11-23,Comarca Lagunera Dgo.,44.9,24.9,33.8
2024-11-24,Comarca Lagunera Dgo.,41.6,23.0,30.9
2024-11-25,Comarca Lagunera Dgo.,41.7,22.4,31.4
2024-11-26,Comarca Lagunera Dgo.,39.5,23.5,30.8
2024-11-27,Comarca Lagunera Dgo.,38.9,20.8,31.0
2024-11-28,Comarca Lagunera Dgo.,45.0,27.1,35.4
2024-11-29,Comarca Lagunera Dgo.,39.7,23.4,31.5
2024-11-30,Comarca Lagunera Dgo.,43.9,26.4,34.7
2024-12-01,Comarca Lagunera Dgo.,40.5,24.5,31.2
2024-12-02,Comarca Lagunera Dgo.,39.2,23.7,32.6
2024-12-03,Comarca Lagunera Dgo.,42.4,28.3,35.0
2024-12-04,Comarca Lagunera Dgo.,40.0,25.3,32.4
2024-12-05,Comarca Lagunera Dgo.,47.5,28.9,37.0
2024-12-06,Comarca Lagunera Dgo.,41.6,25.6,33.2
2024-12-07,Comarca Lagunera Dgo.,40.4,21.2,30.8
2024-12-08,Comarca Lagunera Dgo.,42.4,25.9,36.2
2024-12-09,Comarca Lagunera Dgo.,41.9,25.9,34.0
2024-12-10,Comarca Lagunera Dgo.,45.2,29.0,36.9
2024-12-11,Comarca Lagunera Dgo.,43.2,27.4,34.3
2024-12-12,Comarca Lagunera Dgo.,44.2,26.4,34.9
2024-12-13,Comarca Lagunera Dgo.,41.7,21.7,32.0
2024-12-14,Comarca Lagunera Dgo.,41.8,23.2,33.1
2024-12-15,Comarca Lagunera Dgo.,41.6,25.3,32.0
2024-12-16,Comarca Lagunera Dgo.,42.3,26.3,34.5
2024-12-17,Comarca Lagunera Dgo.,42.7,26.2,36.1
2024-12-18,Comarca Lagunera Dgo.,46.1,28.5,37.4
2024-12-19,Comarca Lagunera Dgo.,42.5,26.0,35.6
2024-12-20,Comarca Lagunera Dgo.,44.9,26.3,35.0
2024-12-21,Comarca Lagunera Dgo.,43.8,30.4,35.7
2024-12-22,Comarca Lagunera Dgo.,41.5,25.2,33.6
2024-12-23,Comarca Lagunera Dgo.,43.1,29.9,35.7
2024-12-24,Comarca Lagunera Dgo.,47.1,29.8,38.6
2024-12-25,Comarca Lagunera Dgo.,48.0,32.2,38.8
2024-12-26,Comarca Lagunera Dgo.,41.1,27.2,35.8
2024-12-27,Comarca Lagunera Dgo.,42.8,28.5,35.9
2024-12-28,Comarca Lagunera Dgo.,50.0,32.6,40.2
2024-12-29,Comarca Lagunera Dgo.,46.8,32.0,39.4
2024-12-30,Comarca Lagunera Dgo.,46.0,30.5,38.3
2024-12-31,Comarca Lagunera Dgo.,48.2,30.4,39.3
2022-01-01,Sierra Madre Occ.,28.5,18.5,24.4
2022-01-02,Sierra Madre Occ.,29.0,15.2,22.4
2022-01-03,Sierra Madre Occ.,34.2,21.3,28.1
2022-01-04,Sierra Madre Occ.,29.9,15.4,22.4
2022-01-05,Sierra Madre Occ.,31.5,18.0,26.0
2022-01-06,Sierra Madre Occ.,33.2,23.6,29.0
2022-01-07,Sierra Madre Occ.,31.4,20.0,26.1
2022-01-08,Sierra Madre Occ.,35.8,22.5,28.7
2022-01-09,Sierra Madre Occ.,29.5,17.7,24.0
2022-01-10,Sierra Madre Occ.,32.2,17.1,24.7
2022-01-11,Sierra Madre Occ.,35.8,23.6,29.7
2022-01-12,Sierra Madre Occ.,31.8,22.5,26.4
2022-01-13,Sierra Madre Occ.,34.2,20.1,26.9
2022-01-14,Sierra Madre Occ.,34.1,22.1,26.7
2022-01-15,Sierra Madre Occ.,33.7,19.3,25.9
2022-01-16,Sierra Madre Occ.,36.6,23.5,30.5
2022-01-17,Sierra Madre Occ.,35.6,23.8,28.0
2022-01-18,Sierra Madre Occ.,31.6,22.0,27.1
2022-01-19,Sierra Madre Occ.,33.2,18.9,27.0
2022-01-20,Sierra Madre Occ.,36.7,22.3,29.1
2022-01-21,Sierra Madre Occ.,30.1,18.2,24.9
2022-01-22,Sierra Madre Occ.,36.2,22.4,30.4
2022-01-23,Sierra Madre Occ.,28.6,17.3,23.7
2022-01-24,Sierra Madre Occ.,38.8,23.6,30.0
2022-01-25,Sierra Madre Occ.,32.7,18.7,25.5
2022-01-26,Sierra Madre Occ.,31.8,20.7,26.3
2022-01-27,Sierra Madre Occ.,35.1,19.7,27.8
2022-01-28,Sierra Madre Occ.,28.0,15.6,22.0
2022-01-29,Sierra Madre Occ.,28.9,20.4,25.1
2022-01-30,Sierra Madre Occ.,30.7,18.4,23.8
2022-01-31,Sierra Madre Occ.,32.7,14.2,22.5
2022-02-01,Sierra Madre Occ.,31.3,19.4,25.8
2022-02-02,Sierra Madre Occ.,33.3,18.5,26.6
2022-02-03,Sierra Madre Occ.,32.3,19.7,25.9
2022-02-04,Sierra Madre Occ.,29.3,18.0,23.5
2022-02-05,Sierra Madre Occ.,29.6,18.4,24.3
2022-02-06,Sierra Madre Occ.,36.5,24.5,29.2
2022-02-07,Sierra Madre Occ.,30.3,19.2,24.0
2022-02-08,Sierra Madre Occ.,32.3,18.2,25.6
2022-02-09,Sierra Madre Occ.,31.7,16.9,25.8
2022-02-10,Sierra Madre Occ.,27.6,14.8,21.4
2022-02-11,Sierra Madre Occ.,37.3,23.6,28.6
2022-02-12,Sierra Madre Occ.,30.6,16.4,22.4
2022-02-13,Sierra Madre Occ.,31.3,20.2,26.0
2022-02-14,Sierra Madre Occ.,29.5,16.8,23.6
2022-02-15,Sierra Madre Occ.,28.1,14.4,22.1
2022-02-16,Sierra Madre Occ.,34.3,20.8,27.7
2022-02-17,Sierra Madre Occ.,28.9,15.3,23.2
2022-02-18,Sierra Madre Occ.,30.3,16.0,20.7
2022-02-19,Sierra Madre Occ.,28.5,14.5,22.1
2022-02-20,Sierra Madre Occ.,32.3,19.6,24.7
2022-02-21,Sierra Madre Occ.,35.5,22.2,26.6
2022-02-22,Sierra Madre Occ.,28.0,15.5,20.7
2022-02-23,Sierra Madre Occ.,29.6,15.8,22.8
2022-02-24,Sierra Madre Occ.,24.6,11.2,17.1
2022-02-25,Sierra Madre Occ.,31.0,16.6,23.3
2022-02-26,Sierra Madre Occ.,27.2,13.7,20.9
2022-02-27,Sierra Madre Occ.,33.0,16.0,23.4
2022-02-28,Sierra Madre Occ.,27.9,15.1,21.5
2022-03-01,Sierra Madre Occ.,28.9,13.9,21.3
2022-03-02,Sierra Madre Occ.,28.9,16.5,23.8
2022-03-03,Sierra Madre Occ.,24.9,13.4,19.3
2022-03-04,Sierra Madre Occ.,24.6,12.0,18.5
2022-03-05,Sierra Madre Occ.,26.8,14.4,19.8
2022-03-06,Sierra Madre Occ.,29.9,14.3,21.9
2022-03-07,Sierra Madre Occ.,27.4,11.8,19.8
2022-03-08,Sierra Madre Occ.,25.4,10.0,18.5
2022-03-09,Sierra Madre Occ.,25.5,7.0,16.5
2022-03-10,Sierra Madre Occ.,26.1,12.6,20.1
2022-03-11,Sierra Madre Occ.,22.4,11.3,17.1
2022-03-12,Sierra Madre Occ.,23.1,13.9,19.3
2022-03-13,Sierra Madre Occ.,26.7,13.8,20.4
2022-03-14,Sierra Madre Occ.,26.0,12.0,18.2
2022-03-15,Sierra Madre Occ.,26.9,15.0,21.0
2022-03-16,Sierra Madre Occ.,23.8,13.3,17.2
2022-03-17,Sierra Madre Occ.,21.7,11.8,17.1
2022-03-18,Sierra Madre Occ.,21.4,11.5,16.8
2022-03-19,Sierra Madre Occ.,24.3,12.2,17.7
2022-03-20,Sierra Madre Occ.,24.4,13.2,18.6
2022-03-21,Sierra Madre Occ.,19.5,7.7,13.7
2022-03-22,Sierra Madre Occ.,24.4,12.8,18.7
2022-03-23,Sierra Madre Occ.,21.6,11.7,16.7
2022-03-24,Sierra Madre Occ.,22.6,9.5,17.6
2022-03-25,Sierra Madre Occ.,28.2,14.3,20.8
2022-03-26,Sierra Madre Occ.,23.5,9.3,17.2
2022-03-27,Sierra Madre Occ.,19.2,4.2,12.2
2022-03-28,Sierra Madre Occ.,25.1,11.6,17.4
2022-03-29,Sierra Madre Occ.,22.4,7.4,14.8
2022-03-30,Sierra Madre Occ.,20.4,7.7,13.7
2022-03-31,Sierra Madre Occ.,17.0,3.9,11.9
2022-04-01,Sierra Madre Occ.,20.9,9.2,15.8
2022-04-02,Sierra Madre Occ.,23.9,9.9,16.6
2022-04-03,Sierra Madre Occ.,22.7,7.9,15.5
2022-04-04,Sierra Madre Occ.,19.5,5.0,11.1
2022-04-05,Sierra Madre Occ.,20.0,5.8,13.8
2022-04-06,Sierra Madre Occ.,22.5,9.6,15.1
2022-04-07,Sierra Madre Occ.,16.7,4.7,11.0
2022-04-08,Sierra Madre Occ.,22.9,11.7,16.8
2022-04-09,Sierra Madre Occ.,20.5,5.9,12.0
2022-04-10,Sierra Madre Occ.,13.9,0.6,7.9
2022-04-11,Sierra Madre Occ.,19.9,6.6,14.1
2022-04-12,Sierra Madre Occ.,16.3,3.1,8.8
2022-04-13,Sierra Madre Occ.,16.0,2.8,9.8
2022-04-14,Sierra Madre Occ.,22.6,9.2,15.0
2022-04-15,Sierra Madre Occ.,15.6,-0.2,7.4
2022-04-16,Sierra Madre Occ.,18.4,5.0,11.4
2022-04-17,Sierra Madre Occ.,16.7,3.4,10.4
2022-04-18,Sierra Madre Occ.,12.7,3.2,7.2
2022-04-19,Sierra Madre Occ.,15.2,3.7,9.4
2022-04-20,Sierra Madre Occ.,13.7,1.5,8.7
2022-04-21,Sierra Madre Occ.,21.4,9.1,14.2
2022-04-22,Sierra Madre Occ.,13.3,0.5,7.9
2022-04-23,Sierra Madre Occ.,17.9,3.9,9.7
2022-04-24,Sierra Madre Occ.,13.6,0.4,6.8
2022-04-25,Sierra Madre Occ.,12.4,-0.2,5.9
2022-04-26,Sierra Madre Occ.,12.8,0.6,6.1
2022-04-27,Sierra Madre Occ.,15.7,1.6,7.3
2022-04-28,Sierra Madre Occ.,9.2,-0.5,5.7
2022-04-29,Sierra Madre Occ.,12.1,-2.6,4.4
2022-04-30,Sierra Madre Occ.,14.3,2.8,9.2
2022-05-01,Sierra Madre Occ.,11.2,-1.4,4.3
2022-05-02,Sierra Madre Occ.,15.4,1.0,8.1
2022-05-03,Sierra Madre Occ.,10.1,-3.8,2.6
2022-05-04,Sierra Madre Occ.,10.0,-6.7,2.7
2022-05-05,Sierra Madre Occ.,6.5,-8.5,-0.2
2022-05-06,Sierra Madre Occ.,12.9,-2.3,5.7
2022-05-07,Sierra Madre Occ.,7.6,-5.6,1.9
2022-05-08,Sierra Madre Occ.,8.8,-4.2,2.6
2022-05-09,Sierra Madre Occ.,10.3,-4.6,3.5
2022-05-10,Sierra Madre Occ.,8.6,-1.6,2.7
2022-05-11,Sierra Madre Occ.,3.2,-7.5,-0.8
2022-05-12,Sierra Madre Occ.,9.8,-2.7,2.8
2022-05-13,Sierra Madre Occ.,8.0,-2.3,2.6
2022-05-14,Sierra Madre Occ.,8.3,-1.7,3.3
2022-05-15,Sierra Madre Occ.,10.2,-2.5,3.0
2022-05-16,Sierra Madre Occ.,5.9,-4.6,1.4
2022-05-17,Sierra Madre Occ.,8.9,-4.4,3.3
2022-05-18,Sierra Madre Occ.,8.7,-3.8,2.8
2022-05-19,Sierra Madre Occ.,8.1,-4.7,0.0
2022-05-20,Sierra Madre Occ.,6.1,-8.0,-2.6
2022-05-21,Sierra Madre Occ.,4.2,-10.2,-3.2
2022-05-22,Sierra Madre Occ.,8.8,-2.9,1.6
2022-05-23,Sierra Madre Occ.,-0.6,-14.2,-7.1
2022-05-24,Sierra Madre Occ.,6.9,-5.7,-0.2
2022-05-25,Sierra Madre Occ.,4.5,-9.9,-3.1
2022-05-26,Sierra Madre Occ.,10.6,-7.4,1.9
2022-05-27,Sierra Madre Occ.,6.1,-5.7,0.1
2022-05-28,Sierra Madre Occ.,5.1,-11.6,-3.5
2022-05-29,Sierra Madre Occ.,8.1,-4.8,1.2
2022-05-30,Sierra Madre Occ.,5.5,-10.0,-1.7
2022-05-31,Sierra Madre Occ.,5.6,-10.6,-2.9
2022-06-01,Sierra Madre Occ.,5.0,-5.9,-0.9
2022-06-02,Sierra Madre Occ.,2.3,-14.1,-5.4
2022-06-03,Sierra Madre Occ.,5.4,-8.4,-1.7
2022-06-04,Sierra Madre Occ.,2.4,-11.4,-5.3
2022-06-05,Sierra Madre Occ.,3.8,-9.7,-3.2
2022-06-06,Sierra Madre Occ.,3.1,-12.2,-5.0
2022-06-07,Sierra Madre Occ.,4.2,-7.3,-3.2
2022-06-08,Sierra Madre Occ.,1.2,-10.9,-7.2
2022-06-09,Sierra Madre Occ.,2.7,-11.6,-4.5
2022-06-10,Sierra Madre Occ.,1.9,-10.1,-4.1
2022-06-11,Sierra Madre Occ.,0.9,-9.8,-4.8
2022-06-12,Sierra Madre Occ.,1.6,-10.2,-4.0
2022-06-13,Sierra Madre Occ.,2.1,-10.1,-3.8
2022-06-14,Sierra Madre Occ.,2.3,-6.8,-2.6
2022-06-15,Sierra Madre Occ.,-3.5,-14.7,-8.9
2022-06-16,Sierra Madre Occ.,4.1,-11.5,-3.4
2022-06-17,Sierra Madre Occ.,0.5,-13.7,-7.0
2022-06-18,Sierra Madre Occ.,-0.2,-12.4,-5.8
2022-06-19,Sierra Madre Occ.,3.9,-9.7,-3.9
2022-06-20,Sierra Madre Occ.,1.6,-10.2,-3.7
2022-06-21,Sierra Madre Occ.,1.8,-12.5,-7.6
2022-06-22,Sierra Madre Occ.,0.7,-11.9,-5.9
2022-06-23,Sierra Madre Occ.,4.4,-8.3,-2.4
2022-06-24,Sierra Madre Occ.,2.4,-14.5,-5.7
2022-06-25,Sierra Madre Occ.,-0.8,-14.9,-7.3
2022-06-26,Sierra Madre Occ.,-1.2,-17.1,-7.9
2022-06-27,Sierra Madre Occ.,-0.2,-12.3,-6.9
2022-06-28,Sierra Madre Occ.,3.6,-11.1,-2.5
2022-06-29,Sierra Madre Occ.,-0.5,-12.9,-7.3
2022-06-30,Sierra Madre Occ.,1.3,-11.4,-6.1
2022-07-01,Sierra Madre Occ.,-1.5,-14.1,-9.5
2022-07-02,Sierra Madre Occ.,-1.7,-13.2,-7.3
2022-07-03,Sierra Madre Occ.,0.0,-14.4,-8.2
2022-07-04,Sierra Madre Occ.,-2.3,-15.1,-9.1
2022-07-05,Sierra Madre Occ.,-2.0,-14.1,-7.9
2022-07-06,Sierra Madre Occ.,-3.7,-15.8,-10.2
2022-07-07,Sierra Madre Occ.,0.9,-12.6,-7.1
2022-07-08,Sierra Madre Occ.,-2.7,-14.8,-8.0
2022-07-09,Sierra Madre Occ.,-0.3,-12.9,-5.6
2022-07-10,Sierra Madre Occ.,-3.6,-17.4,-10.1
2022-07-11,Sierra Madre Occ.,-3.4,-17.4,-10.7
2022-07-12,Sierra Madre Occ.,-0.7,-13.9,-7.3
2022-07-13,Sierra Madre Occ.,0.1,-13.1,-7.1
2022-07-14,Sierra Madre Occ.,-5.3,-17.4,-10.5
2022-07-15,Sierra Madre Occ.,-1.1,-16.3,-7.3
2022-07-16,Sierra Madre Occ.,-0.8,-14.4,-8.1
2022-07-17,Sierra Madre Occ.,-3.9,-14.9,-10.0
2022-07-18,Sierra Madre Occ.,-2.1,-16.5,-8.1
2022-07-19,Sierra Madre Occ.,-2.6,-14.4,-8.1
2022-07-20,Sierra Madre Occ.,-0.6,-13.3,-6.6
2022-07-21,Sierra Madre Occ.,0.3,-11.3,-7.2
2022-07-22,Sierra Madre Occ.,-1.1,-15.3,-7.8
2022-07-23,Sierra Madre Occ.,-0.7,-13.3,-7.6
2022-07-24,Sierra Madre Occ.,2.3,-10.5,-5.0
2022-07-25,Sierra Madre Occ.,-2.2,-17.1,-10.3
2022-07-26,Sierra Madre Occ.,-3.0,-14.3,-9.5
2022-07-27,Sierra Madre Occ.,-2.1,-13.3,-5.3
2022-07-28,Sierra Madre Occ.,-1.2,-12.6,-6.4
2022-07-29,Sierra Madre Occ.,0.7,-12.6,-6.7
2022-07-30,Sierra Madre Occ.,-2.7,-14.8,-7.9
2022-07-31,Sierra Madre Occ.,-7.8,-19.4,-14.3
2022-08-01,Sierra Madre Occ.,-1.2,-15.5,-7.8
2022-08-02,Sierra Madre Occ.,3.4,-12.5,-4.7
2022-08-03,Sierra Madre Occ.,-0.0,-11.5,-4.5
2022-08-04,Sierra Madre Occ.,-2.2,-16.2,-8.0
2022-08-05,Sierra Madre Occ.,5.7,-6.6,-1.2
2022-08-06,Sierra Madre Occ.,-2.3,-15.1,-9.7
2022-08-07,Sierra Madre Occ.,1.5,-12.4,-7.0
2022-08-08,Sierra Madre Occ.,-0.9,-14.6,-7.3
2022-08-09,Sierra Madre Occ.,2.1,-8.0,-3.9
2022-08-10,Sierra Madre Occ.,-2.4,-16.6,-7.8
2022-08-11,Sierra Madre Occ.,-4.5,-19.4,-12.0
2022-08-12,Sierra Madre Occ.,-1.4,-15.6,-6.9
2022-08-13,Sierra Madre Occ.,-0.9,-13.7,-8.2
2022-08-14,Sierra Madre Occ.,1.5,-12.5,-6.4
2022-08-15,Sierra Madre Occ.,0.0,-15.6,-7.9
2022-08-16,Sierra Madre Occ.,3.5,-12.0,-5.1
2022-08-17,Sierra Madre Occ.,2.3,-15.6,-7.3
2022-08-18,Sierra Madre Occ.,0.1,-12.1,-5.8
2022-08-19,Sierra Madre Occ.,3.5,-9.7,-2.6
2022-08-20,Sierra Madre Occ.,-1.1,-11.5,-7.1
2022-08-21,Sierra Madre Occ.,1.8,-11.5,-4.7
2022-08-22,Sierra Madre Occ.,5.2,-8.4,-2.3
2022-08-23,Sierra Madre Occ.,-0.7,-13.5,-7.9
2022-08-24,Sierra Madre Occ.,1.1,-10.5,-4.8
2022-08-25,Sierra Madre Occ.,2.5,-9.0,-2.6
2022-08-26,Sierra Madre Occ.,1.6,-11.8,-5.8
2022-08-27,Sierra Madre Occ.,3.6,-9.8,-2.9
2022-08-28,Sierra Madre Occ.,2.2,-9.8,-4.6
2022-08-29,Sierra Madre Occ.,1.8,-13.7,-6.4
2022-08-30,Sierra Madre Occ.,1.5,-12.1,-5.5
2022-08-31,Sierra Madre Occ.,3.8,-10.8,-3.7
2022-09-01,Sierra Madre Occ.,5.3,-8.2,-0.7
2022-09-02,Sierra Madre Occ.,-0.4,-12.4,-6.1
2022-09-03,Sierra Madre Occ.,3.7,-8.7,-1.8
2022-09-04,Sierra Madre Occ.,7.0,-7.8,-0.3
2022-09-05,Sierra Madre Occ.,0.2,-9.3,-4.5
2022-09-06,Sierra Madre Occ.,3.3,-10.9,-3.4
2022-09-07,Sierra Madre Occ.,6.8,-8.7,-1.4
2022-09-08,Sierra Madre Occ.,2.6,-11.7,-4.1
2022-09-09,Sierra Madre Occ.,7.5,-6.8,-0.5
2022-09-10,Sierra Madre Occ.,7.0,-5.6,0.8
2022-09-11,Sierra Madre Occ.,2.0,-9.9,-4.2
2022-09-12,Sierra Madre Occ.,4.4,-10.1,-2.1
2022-09-13,Sierra Madre Occ.,4.5,-6.0,-1.5
2022-09-14,Sierra Madre Occ.,5.1,-6.5,-2.2
2022-09-15,Sierra Madre Occ.,7.4,-7.5,-0.1
2022-09-16,Sierra Madre Occ.,7.4,-4.9,0.7
2022-09-17,Sierra Madre Occ.,3.7,-8.5,-2.5
2022-09-18,Sierra Madre Occ.,7.7,-6.8,-0.1
2022-09-19,Sierra Madre Occ.,7.9,-6.8,1.5
2022-09-20,Sierra Madre Occ.,7.1,-5.3,1.0
2022-09-21,Sierra Madre Occ.,8.9,-5.4,2.5
2022-09-22,Sierra Madre Occ.,10.4,-3.8,2.1
2022-09-23,Sierra Madre Occ.,5.5,-2.8,0.4
2022-09-24,Sierra Madre Occ.,11.2,-2.1,4.6
2022-09-25,Sierra Madre Occ.,9.5,-5.1,1.4
2022-09-26,Sierra Madre Occ.,10.2,-2.7,3.4
2022-09-27,Sierra Madre Occ.,12.5,-2.3,5.3
2022-09-28,Sierra Madre Occ.,11.0,-5.1,4.2
2022-09-29,Sierra Madre Occ.,14.5,-1.6,7.0
2022-09-30,Sierra Madre Occ.,5.7,-7.7,-0.2
2022-10-01,Sierra Madre Occ.,5.6,-7.3,0.1
2022-10-02,Sierra Madre Occ.,9.3,-2.4,3.4
2022-10-03,Sierra Madre Occ.,9.1,-3.1,1.7
2022-10-04,Sierra Madre Occ.,8.6,-4.5,2.5
2022-10-05,Sierra Madre Occ.,16.2,1.5,8.3
2022-10-06,Sierra Madre Occ.,9.8,-2.3,4.4
2022-10-07,Sierra Madre Occ.,10.1,-1.1,4.7
2022-10-08,Sierra Madre Occ.,15.1,1.7,8.4
2022-10-09,Sierra Madre Occ.,12.1,1.3,6.2
2022-10-10,Sierra Madre Occ.,14.5,5.0,9.0
2022-10-11,Sierra Madre Occ.,16.0,1.3,8.2
2022-10-12,Sierra Madre Occ.,12.4,1.5,6.9
2022-10-13,Sierra Madre Occ.,14.6,-0.4,7.2
2022-10-14,Sierra Madre Occ.,13.8,-1.1,5.8
2022-10-15,Sierra Madre Occ.,14.4,1.1,8.6
2022-10-16,Sierra Madre Occ.,13.4,1.0,8.0
2022-10-17,Sierra Madre Occ.,11.0,0.4,4.9
2022-10-18,Sierra Madre Occ.,15.8,3.2,8.2
2022-10-19,Sierra Madre Occ.,13.2,2.1,7.6
2022-10-20,Sierra Madre Occ.,13.1,3.3,8.0
2022-10-21,Sierra Madre Occ.,14.0,1.5,8.1
2022-10-22,Sierra Madre Occ.,16.8,0.2,7.6
2022-10-23,Sierra Madre Occ.,19.1,6.6,12.9
2022-10-24,Sierra Madre Occ.,17.4,5.4,11.5
2022-10-25,Sierra Madre Occ.,19.3,4.5,11.6
2022-10-26,Sierra Madre Occ.,14.8,5.8,11.6
2022-10-27,Sierra Madre Occ.,14.9,4.3,8.2
2022-10-28,Sierra Madre Occ.,22.7,7.5,14.0
2022-10-29,Sierra Madre Occ.,17.9,4.0,9.8
2022-10-30,Sierra Madre Occ.,23.7,10.9,15.6
2022-10-31,Sierra Madre Occ.,19.0,6.4,14.4
2022-11-01,Sierra Madre Occ.,20.7,7.8,14.7
2022-11-02,Sierra Madre Occ.,19.3,4.6,11.2
2022-11-03,Sierra Madre Occ.,21.4,6.7,14.1
2022-11-04,Sierra Madre Occ.,21.2,8.7,14.5
2022-11-05,Sierra Madre Occ.,20.2,9.7,15.7
2022-11-06,Sierra Madre Occ.,22.4,9.3,17.1
2022-11-07,Sierra Madre Occ.,24.4,10.2,15.8
2022-11-08,Sierra Madre Occ.,18.9,8.0,13.7
2022-11-09,Sierra Madre Occ.,23.3,9.7,16.5
2022-11-10,Sierra Madre Occ.,16.3,3.1,10.7
2022-11-11,Sierra Madre Occ.,22.3,9.6,17.2
2022-11-12,Sierra Madre Occ.,21.7,8.8,16.4
2022-11-13,Sierra Madre Occ.,23.7,9.3,16.8
2022-11-14,Sierra Madre Occ.,24.4,11.2,17.5
2022-11-15,Sierra Madre Occ.,22.7,11.3,17.2
2022-11-16,Sierra Madre Occ.,23.8,11.0,18.1
2022-11-17,Sierra Madre Occ.,27.5,12.5,18.2
2022-11-18,Sierra Madre Occ.,23.2,9.9,16.8
2022-11-19,Sierra Madre Occ.,26.1,16.7,21.8
2022-11-20,Sierra Madre Occ.,27.6,10.7,19.4
2022-11-21,Sierra Madre Occ.,22.6,11.3,16.1
2022-11-22,Sierra Madre Occ.,27.3,14.1,19.8
2022-11-23,Sierra Madre Occ.,26.3,14.9,20.3
2022-11-24,Sierra Madre Occ.,25.9,14.0,19.4
2022-11-25,Sierra Madre Occ.,25.2,11.0,19.4
2022-11-26,Sierra Madre Occ.,26.5,11.2,18.5
2022-11-27,Sierra Madre Occ.,26.8,17.0,20.9
2022-11-28,Sierra Madre Occ.,30.4,14.8,22.3
2022-11-29,Sierra Madre Occ.,26.4,16.7,20.3
2022-11-30,Sierra Madre Occ.,24.9,12.3,19.8
2022-12-01,Sierra Madre Occ.,30.3,17.5,23.1
2022-12-02,Sierra Madre Occ.,27.1,13.8,20.3
2022-12-03,Sierra Madre Occ.,24.3,10.4,17.9
2022-12-04,Sierra Madre Occ.,30.4,12.9,22.0
2022-12-05,Sierra Madre Occ.,28.7,16.0,22.2
2022-12-06,Sierra Madre Occ.,21.8,10.7,17.7
2022-12-07,Sierra Madre Occ.,25.1,13.5,20.4
2022-12-08,Sierra Madre Occ.,28.5,13.5,21.8
2022-12-09,Sierra Madre Occ.,27.2,14.5,20.1
2022-12-10,Sierra Madre Occ.,33.4,15.6,24.2
2022-12-11,Sierra Madre Occ.,28.7,14.7,21.6
2022-12-12,Sierra Madre Occ.,29.7,18.1,23.0
2022-12-13,Sierra Madre Occ.,31.9,18.6,23.4
2022-12-14,Sierra Madre Occ.,23.7,12.5,20.6
2022-12-15,Sierra Madre Occ.,33.4,20.4,26.7
2022-12-16,Sierra Madre Occ.,29.6,16.6,22.6
2022-12-17,Sierra Madre Occ.,32.3,18.5,25.5
2022-12-18,Sierra Madre Occ.,28.4,17.4,22.3
2022-12-19,Sierra Madre Occ.,29.3,17.0,22.7
2022-12-20,Sierra Madre Occ.,29.9,17.9,24.8
2022-12-21,Sierra Madre Occ.,29.3,18.2,23.9
2022-12-22,Sierra Madre Occ.,29.3,14.2,23.5
2022-12-23,Sierra Madre Occ.,30.3,17.4,24.7
2022-12-24,Sierra Madre Occ.,28.6,17.6,22.3
2022-12-25,Sierra Madre Occ.,30.4,18.9,23.9
2022-12-26,Sierra Madre Occ.,28.5,15.6,22.7
2022-12-27,Sierra Madre Occ.,32.3,19.6,25.2
2022-12-28,Sierra Madre Occ.,31.2,17.4,24.7
2022-12-29,Sierra Madre Occ.,30.3,17.8,22.2
2022-12-30,Sierra Madre Occ.,35.8,21.7,29.9
2022-12-31,Sierra Madre Occ.,30.9,17.4,24.2
2023-01-01,Sierra Madre Occ.,31.6,20.0,25.3
2023-01-02,Sierra Madre Occ.,31.9,19.0,25.8
2023-01-03,Sierra Madre Occ.,32.6,22.0,28.4
2023-01-04,Sierra Madre Occ.,31.8,18.8,25.0
2023-01-05,Sierra Madre Occ.,33.1,20.6,27.0
2023-01-06,Sierra Madre Occ.,32.6,18.1,24.7
2023-01-07,Sierra Madre Occ.,30.7,18.0,26.1
2023-01-08,Sierra Madre Occ.,35.3,24.1,30.0
2023-01-09,Sierra Madre Occ.,29.6,15.5,23.1
2023-01-10,Sierra Madre Occ.,32.4,18.7,27.0
2023-01-11,Sierra Madre Occ.,33.9,20.5,27.5
2023-01-12,Sierra Madre Occ.,34.9,20.8,27.6
2023-01-13,Sierra Madre Occ.,31.0,14.0,22.7
2023-01-14,Sierra Madre Occ.,30.0,15.4,23.2
2023-01-15,Sierra Madre Occ.,32.0,19.4,24.9
2023-01-16,Sierra Madre Occ.,29.6,19.5,25.9
2023-01-17,Sierra Madre Occ.,33.7,17.0,26.3
2023-01-18,Sierra Madre Occ.,34.4,19.9,27.4
2023-01-19,Sierra Madre Occ.,30.7,20.0,25.5
2023-01-20,Sierra Madre Occ.,31.7,17.8,23.9
2023-01-21,Sierra Madre Occ.,28.1,15.2,22.0
2023-01-22,Sierra Madre Occ.,30.2,17.6,24.2
2023-01-23,Sierra Madre Occ.,32.5,21.1,27.3
2023-01-24,Sierra Madre Occ.,27.5,11.5,20.3
2023-01-25,Sierra Madre Occ.,33.0,20.3,26.4
2023-01-26,Sierra Madre Occ.,33.6,20.2,27.5
2023-01-27,Sierra Madre Occ.,31.7,18.3,24.6
2023-01-28,Sierra Madre Occ.,31.4,19.8,25.9
2023-01-29,Sierra Madre Occ.,30.9,17.8,24.8
2023-01-30,Sierra Madre Occ.,31.3,18.8,25.1
2023-01-31,Sierra Madre Occ.,31.5,17.3,25.9
2023-02-01,Sierra Madre Occ.,31.2,18.3,24.9
2023-02-02,Sierra Madre Occ.,30.9,17.2,24.6
2023-02-03,Sierra Madre Occ.,33.5,19.4,25.2
2023-02-04,Sierra Madre Occ.,29.8,15.5,23.6
2023-02-05,Sierra Madre Occ.,31.5,16.8,24.6
2023-02-06,Sierra Madre Occ.,32.5,20.5,26.0
2023-02-07,Sierra Madre Occ.,30.2,14.1,22.1
2023-02-08,Sierra Madre Occ.,33.4,19.5,26.4
2023-02-09,Sierra Madre Occ.,31.3,15.8,22.9
2023-02-10,Sierra Madre Occ.,32.3,19.0,26.6
2023-02-11,Sierra Madre Occ.,33.8,21.2,27.5
2023-02-12,Sierra Madre Occ.,33.8,17.3,25.0
2023-02-13,Sierra Madre Occ.,34.0,21.2,27.2
2023-02-14,Sierra Madre Occ.,28.4,13.8,21.7
2023-02-15,Sierra Madre Occ.,28.2,16.2,22.2
2023-02-16,Sierra Madre Occ.,36.3,21.8,27.9
2023-02-17,Sierra Madre Occ.,27.4,12.0,18.1
2023-02-18,Sierra Madre Occ.,31.3,17.1,24.0
2023-02-19,Sierra Madre Occ.,27.0,12.8,20.5
2023-02-20,Sierra Madre Occ.,28.8,13.8,22.6
2023-02-21,Sierra Madre Occ.,28.8,14.4,22.4
2023-02-22,Sierra Madre Occ.,29.0,17.2,23.4
2023-02-23,Sierra Madre Occ.,29.3,17.2,23.7
2023-02-24,Sierra Madre Occ.,30.8,16.6,24.2
2023-02-25,Sierra Madre Occ.,25.9,13.1,18.9
2023-02-26,Sierra Madre Occ.,29.5,14.3,23.3
2023-02-27,Sierra Madre Occ.,28.1,11.5,20.7
2023-02-28,Sierra Madre Occ.,27.2,13.8,21.7
2023-03-01,Sierra Madre Occ.,26.4,10.9,19.5
2023-03-02,Sierra Madre Occ.,27.3,14.3,19.7
2023-03-03,Sierra Madre Occ.,26.9,14.6,21.6
2023-03-04,Sierra Madre Occ.,26.9,14.9,20.4
2023-03-05,Sierra Madre Occ.,27.4,11.0,20.5
2023-03-06,Sierra Madre Occ.,28.6,16.3,23.6
2023-03-07,Sierra Madre Occ.,25.0,14.7,21.1
2023-03-08,Sierra Madre Occ.,27.1,14.1,19.9
2023-03-09,Sierra Madre Occ.,20.8,8.7,15.2
2023-03-10,Sierra Madre Occ.,26.3,12.4,18.6
2023-03-11,Sierra Madre Occ.,20.2,12.2,17.1
2023-03-12,Sierra Madre Occ.,31.3,14.8,22.6
2023-03-13,Sierra Madre Occ.,25.2,9.4,17.7
2023-03-14,Sierra Madre Occ.,26.0,12.8,17.6
2023-03-15,Sierra Madre Occ.,26.5,11.6,20.9
2023-03-16,Sierra Madre Occ.,22.0,7.7,13.6
2023-03-17,Sierra Madre Occ.,24.1,9.0,16.6
2023-03-18,Sierra Madre Occ.,26.1,11.8,19.1
2023-03-19,Sierra Madre Occ.,23.0,10.7,16.4
2023-03-20,Sierra Madre Occ.,29.7,12.8,20.8
2023-03-21,Sierra Madre Occ.,28.9,13.7,21.1
2023-03-22,Sierra Madre Occ.,21.5,8.2,15.6
2023-03-23,Sierra Madre Occ.,21.2,5.2,14.1
2023-03-24,Sierra Madre Occ.,20.8,7.6,13.5
2023-03-25,Sierra Madre Occ.,22.3,9.3,14.5
2023-03-26,Sierra Madre Occ.,21.2,6.5,14.0
2023-03-27,Sierra Madre Occ.,22.1,8.4,14.6
2023-03-28,Sierra Madre Occ.,23.6,8.0,16.3
2023-03-29,Sierra Madre Occ.,22.9,8.4,16.5
2023-03-30,Sierra Madre Occ.,20.4,7.5,14.3
2023-03-31,Sierra Madre Occ.,21.2,7.5,14.2
2023-04-01,Sierra Madre Occ.,23.7,9.3,16.5
2023-04-02,Sierra Madre Occ.,24.3,13.1,19.6
2023-04-03,Sierra Madre Occ.,14.7,1.5,8.6
2023-04-04,Sierra Madre Occ.,23.1,7.9,14.4
2023-04-05,Sierra Madre Occ.,21.5,4.2,12.5
2023-04-06,Sierra Madre Occ.,14.9,4.6,8.9
2023-04-07,Sierra Madre Occ.,19.9,6.2,12.6
2023-04-08,Sierra Madre Occ.,20.7,8.1,14.8
2023-04-09,Sierra Madre Occ.,16.2,1.8,9.2
2023-04-10,Sierra Madre Occ.,21.9,8.4,14.2
2023-04-11,Sierra Madre Occ.,14.9,3.2,9.3
2023-04-12,Sierra Madre Occ.,19.2,9.0,15.5
2023-04-13,Sierra Madre Occ.,15.8,3.5,9.6
2023-04-14,Sierra Madre Occ.,16.0,4.2,11.3
2023-04-15,Sierra Madre Occ.,18.6,7.6,12.4
2023-04-16,Sierra Madre Occ.,12.3,-0.8,6.0
2023-04-17,Sierra Madre Occ.,15.3,0.6,7.7
2023-04-18,Sierra Madre Occ.,18.4,5.3,12.8
2023-04-19,Sierra Madre Occ.,18.0,4.2,12.8
2023-04-20,Sierra Madre Occ.,18.6,5.8,11.7
2023-04-21,Sierra Madre Occ.,12.9,3.9,8.4
2023-04-22,Sierra Madre Occ.,12.9,2.0,7.2
2023-04-23,Sierra Madre Occ.,17.4,3.6,11.0
2023-04-24,Sierra Madre Occ.,17.7,4.6,8.9
2023-04-25,Sierra Madre Occ.,12.4,-0.7,5.9
2023-04-26,Sierra Madre Occ.,16.6,3.1,9.4
2023-04-27,Sierra Madre Occ.,13.6,1.9,7.9
2023-04-28,Sierra Madre Occ.,11.8,-3.2,4.2
2023-04-29,Sierra Madre Occ.,10.2,-3.0,4.1
2023-04-30,Sierra Madre Occ.,12.6,-1.6,5.2
2023-05-01,Sierra Madre Occ.,14.7,0.2,7.9
2023-05-02,Sierra Madre Occ.,11.2,-2.4,3.6
2023-05-03,Sierra Madre Occ.,13.5,-2.4,5.5
2023-05-04,Sierra Madre Occ.,12.8,-4.1,3.2
2023-05-05,Sierra Madre Occ.,14.7,1.6,7.2
2023-05-06,Sierra Madre Occ.,10.6,-3.5,3.6
2023-05-07,Sierra Madre Occ.,7.2,-7.4,0.5
2023-05-08,Sierra Madre Occ.,9.5,-2.9,4.3
2023-05-09,Sierra Madre Occ.,10.2,-1.1,4.0
2023-05-10,Sierra Madre Occ.,11.0,1.3,5.9
2023-05-11,Sierra Madre Occ.,10.5,-1.4,4.1
2023-05-12,Sierra Madre Occ.,7.8,-8.1,0.5
2023-05-13,Sierra Madre Occ.,11.3,0.4,5.0
2023-05-14,Sierra Madre Occ.,8.0,-7.3,-0.3
2023-05-15,Sierra Madre Occ.,9.5,-3.1,3.7
2023-05-16,Sierra Madre Occ.,10.3,-2.8,2.2
2023-05-17,Sierra Madre Occ.,5.8,-5.0,0.1
2023-05-18,Sierra Madre Occ.,11.0,-2.0,4.3
2023-05-19,Sierra Madre Occ.,5.4,-9.4,-0.4
2023-05-20,Sierra Madre Occ.,5.6,-6.7,0.6
2023-05-21,Sierra Madre Occ.,3.8,-8.1,-2.2
2023-05-22,Sierra Madre Occ.,9.0,-4.7,1.3
2023-05-23,Sierra Madre Occ.,5.7,-10.7,-1.7
2023-05-24,Sierra Madre Occ.,5.8,-8.2,-1.4
2023-05-25,Sierra Madre Occ.,0.6,-12.6,-6.1
2023-05-26,Sierra Madre Occ.,6.1,-7.8,-0.2
2023-05-27,Sierra Madre Occ.,7.2,-5.5,0.1
2023-05-28,Sierra Madre Occ.,7.4,-7.6,-1.2
2023-05-29,Sierra Madre Occ.,7.9,-5.1,-0.1
2023-05-30,Sierra Madre Occ.,3.2,-9.3,-2.7
2023-05-31,Sierra Madre Occ.,2.9,-10.3,-4.0
2023-06-01,Sierra Madre Occ.,1.3,-9.8,-3.2
2023-06-02,Sierra Madre Occ.,4.7,-10.5,-2.5
2023-06-03,Sierra Madre Occ.,7.2,-7.2,-0.9
2023-06-04,Sierra Madre Occ.,1.1,-11.7,-4.5
2023-06-05,Sierra Madre Occ.,3.3,-10.1,-4.5
2023-06-06,Sierra Madre Occ.,3.5,-8.9,-3.3
2023-06-07,Sierra Madre Occ.,0.2,-11.8,-5.1
2023-06-08,Sierra Madre Occ.,5.0,-9.8,-3.0
2023-06-09,Sierra Madre Occ.,-2.1,-16.3,-8.9
2023-06-10,Sierra Madre Occ.,3.2,-11.0,-4.7
2023-06-11,Sierra Madre Occ.,1.1,-13.2,-6.2
2023-06-12,Sierra Madre Occ.,2.1,-8.3,-5.0
2023-06-13,Sierra Madre Occ.,0.9,-13.7,-6.1
2023-06-14,Sierra Madre Occ.,2.9,-10.3,-2.9
2023-06-15,Sierra Madre Occ.,0.5,-8.9,-3.0
2023-06-16,Sierra Madre Occ.,2.8,-12.1,-4.6
2023-06-17,Sierra Madre Occ.,1.7,-13.0,-5.5
2023-06-18,Sierra Madre Occ.,-1.1,-15.3,-7.3
2023-06-19,Sierra Madre Occ.,3.2,-11.9,-5.4
2023-06-20,Sierra Madre Occ.,2.1,-9.9,-4.0
2023-06-21,Sierra Madre Occ.,0.6,-13.9,-7.3
2023-06-22,Sierra Madre Occ.,-0.3,-14.4,-6.1
2023-06-23,Sierra Madre Occ.,-0.5,-12.7,-5.6
2023-06-24,Sierra Madre Occ.,2.2,-8.3,-3.5
2023-06-25,Sierra Madre Occ.,-4.6,-16.9,-10.9
2023-06-26,Sierra Madre Occ.,1.2,-12.1,-6.7
2023-06-27,Sierra Madre Occ.,-1.5,-14.9,-9.4
2023-06-28,Sierra Madre Occ.,3.4,-9.2,-3.8
2023-06-29,Sierra Madre Occ.,0.0,-13.5,-6.4
2023-06-30,Sierra Madre Occ.,0.5,-14.3,-6.5
2023-07-01,Sierra Madre Occ.,-2.2,-14.5,-7.2
2023-07-02,Sierra Madre Occ.,-0.6,-12.3,-6.2
2023-07-03,Sierra Madre Occ.,1.2,-12.6,-4.4
2023-07-04,Sierra Madre Occ.,-2.6,-13.1,-7.9
2023-07-05,Sierra Madre Occ.,1.8,-11.9,-5.8
2023-07-06,Sierra Madre Occ.,1.5,-12.6,-4.7
2023-07-07,Sierra Madre Occ.,0.2,-11.6,-7.7
2023-07-08,Sierra Madre Occ.,-3.6,-18.5,-9.7
2023-07-09,Sierra Madre Occ.,1.6,-12.4,-6.0
2023-07-10,Sierra Madre Occ.,-2.2,-14.2,-8.1
2023-07-11,Sierra Madre Occ.,5.5,-9.1,-2.3
2023-07-12,Sierra Madre Occ.,-0.6,-14.5,-6.6
2023-07-13,Sierra Madre Occ.,-1.4,-15.5,-8.3
2023-07-14,Sierra Madre Occ.,-2.1,-12.9,-7.7
2023-07-15,Sierra Madre Occ.,0.7,-13.1,-7.5
2023-07-16,Sierra Madre Occ.,-1.2,-17.4,-8.7
2023-07-17,Sierra Madre Occ.,-3.6,-17.0,-9.6
2023-07-18,Sierra Madre Occ.,-3.1,-14.6,-9.6
2023-07-19,Sierra Madre Occ.,-2.4,-13.9,-8.5
2023-07-20,Sierra Madre Occ.,1.2,-10.7,-5.1
2023-07-21,Sierra Madre Occ.,2.9,-13.1,-4.8
2023-07-22,Sierra Madre Occ.,-4.4,-14.6,-9.9
2023-07-23,Sierra Madre Occ.,-3.5,-15.1,-9.4
2023-07-24,Sierra Madre Occ.,-6.3,-19.8,-12.1
2023-07-25,Sierra Madre Occ.,2.3,-12.0,-6.0
2023-07-26,Sierra Madre Occ.,-1.2,-15.1,-7.9
2023-07-27,Sierra Madre Occ.,3.1,-13.2,-5.6
2023-07-28,Sierra Madre Occ.,4.3,-9.6,-3.6
2023-07-29,Sierra Madre Occ.,-3.6,-17.9,-10.8
2023-07-30,Sierra Madre Occ.,2.2,-10.9,-5.4
2023-07-31,Sierra Madre Occ.,-1.9,-16.7,-9.2
2023-08-01,Sierra Madre Occ.,-2.2,-14.0,-7.3
2023-08-02,Sierra Madre Occ.,0.6,-8.1,-4.4
2023-08-03,Sierra Madre Occ.,-1.5,-17.0,-8.9
2023-08-04,Sierra Madre Occ.,-0.6,-14.5,-5.8
2023-08-05,Sierra Madre Occ.,-1.1,-14.9,-7.0
2023-08-06,Sierra Madre Occ.,-2.1,-14.4,-9.1
2023-08-07,Sierra Madre Occ.,-2.0,-12.9,-6.8
2023-08-08,Sierra Madre Occ.,-1.5,-17.6,-7.2
2023-08-09,Sierra Madre Occ.,-2.1,-16.7,-9.7
2023-08-10,Sierra Madre Occ.,3.1,-10.4,-5.2
2023-08-11,Sierra Madre Occ.,-0.2,-13.0,-6.5
2023-08-12,Sierra Madre Occ.,0.1,-14.1,-6.9
2023-08-13,Sierra Madre Occ.,2.7,-12.5,-5.2
2023-08-14,Sierra Madre Occ.,2.1,-11.5,-4.6
2023-08-15,Sierra Madre Occ.,0.1,-13.5,-6.1
2023-08-16,Sierra Madre Occ.,-6.0,-15.6,-10.2
2023-08-17,Sierra Madre Occ.,0.3,-18.2,-9.9
2023-08-18,Sierra Madre Occ.,-2.0,-16.4,-7.5
2023-08-19,Sierra Madre Occ.,1.6,-13.6,-4.9
2023-08-20,Sierra Madre Occ.,1.6,-10.9,-5.0
2023-08-21,Sierra Madre Occ.,0.2,-15.0,-6.1
2023-08-22,Sierra Madre Occ.,3.8,-9.9,-3.6
2023-08-23,Sierra Madre Occ.,0.6,-12.4,-5.6
2023-08-24,Sierra Madre Occ.,4.8,-8.3,-2.6
2023-08-25,Sierra Madre Occ.,1.5,-11.5,-4.8
2023-08-26,Sierra Madre Occ.,2.2,-9.5,-2.3
2023-08-27,Sierra Madre Occ.,6.7,-8.5,-1.1
2023-08-28,Sierra Madre Occ.,4.4,-7.0,-1.6
2023-08-29,Sierra Madre Occ.,2.7,-12.8,-4.8
2023-08-30,Sierra Madre Occ.,7.4,-8.4,0.0
2023-08-31,Sierra Madre Occ.,4.0,-9.4,-3.6
2023-09-01,Sierra Madre Occ.,3.7,-10.8,-3.6
2023-09-02,Sierra Madre Occ.,3.3,-12.0,-3.2
2023-09-03,Sierra Madre Occ.,5.3,-8.3,-1.2
2023-09-04,Sierra Madre Occ.,3.7,-8.4,-1.1
2023-09-05,Sierra Madre Occ.,1.2,-10.9,-4.8
2023-09-06,Sierra Madre Occ.,4.7,-8.9,-1.7
2023-09-07,Sierra Madre Occ.,-2.1,-13.2,-6.9
2023-09-08,Sierra Madre Occ.,1.0,-11.1,-5.7
2023-09-09,Sierra Madre Occ.,8.9,-5.0,1.4
2023-09-10,Sierra Madre Occ.,7.7,-5.7,2.8
2023-09-11,Sierra Madre Occ.,8.5,-6.1,0.2
2023-09-12,Sierra Madre Occ.,5.9,-7.6,-0.4
2023-09-13,Sierra Madre Occ.,7.8,-5.9,0.5
2023-09-14,Sierra Madre Occ.,8.0,-6.0,1.0
2023-09-15,Sierra Madre Occ.,7.1,-7.8,-1.2
2023-09-16,Sierra Madre Occ.,8.1,-4.4,2.6
2023-09-17,Sierra Madre Occ.,4.3,-9.3,-1.2
2023-09-18,Sierra Madre Occ.,6.2,-8.5,-2.5
2023-09-19,Sierra Madre Occ.,6.2,-7.3,-1.3
2023-09-20,Sierra Madre Occ.,9.6,-0.3,4.4
2023-09-21,Sierra Madre Occ.,7.5,-5.2,1.7
2023-09-22,Sierra Madre Occ.,6.6,-9.3,-0.9
2023-09-23,Sierra Madre Occ.,12.6,-1.5,5.0
2023-09-24,Sierra Madre Occ.,11.7,-1.8,4.6
2023-09-25,Sierra Madre Occ.,7.5,-3.9,1.6
2023-09-26,Sierra Madre Occ.,10.6,-0.8,4.9
2023-09-27,Sierra Madre Occ.,8.8,-4.6,2.4
2023-09-28,Sierra Madre Occ.,6.8,-6.4,0.2
2023-09-29,Sierra Madre Occ.,8.7,-5.1,1.7
2023-09-30,Sierra Madre Occ.,10.3,-4.1,2.9
2023-10-01,Sierra Madre Occ.,9.3,-1.7,2.6
2023-10-02,Sierra Madre Occ.,9.8,-1.2,4.9
2023-10-03,Sierra Madre Occ.,9.5,-3.5,2.5
2023-10-04,Sierra Madre Occ.,9.2,-2.3,3.4
2023-10-05,Sierra Madre Occ.,9.9,0.3,4.3
2023-10-06,Sierra Madre Occ.,11.3,-4.5,4.6
2023-10-07,Sierra Madre Occ.,9.9,-2.6,3.4
2023-10-08,Sierra Madre Occ.,6.9,-5.7,0.6
2023-10-09,Sierra Madre Occ.,7.6,-2.8,1.3
2023-10-10,Sierra Madre Occ.,10.1,-3.9,2.9
2023-10-11,Sierra Madre Occ.,16.7,4.7,10.5
2023-10-12,Sierra Madre Occ.,18.2,1.3,8.6
2023-10-13,Sierra Madre Occ.,14.5,0.0,6.1
2023-10-14,Sierra Madre Occ.,12.0,-1.0,5.4
2023-10-15,Sierra Madre Occ.,19.3,4.1,10.8
2023-10-16,Sierra Madre Occ.,15.8,3.5,9.2
2023-10-17,Sierra Madre Occ.,17.0,2.6,10.0
2023-10-18,Sierra Madre Occ.,10.6,-0.5,5.0
2023-10-19,Sierra Madre Occ.,15.4,0.6,7.8
2023-10-20,Sierra Madre Occ.,14.4,-1.1,6.4
2023-10-21,Sierra Madre Occ.,16.4,5.0,11.5
2023-10-22,Sierra Madre Occ.,17.0,4.1,9.1
2023-10-23,Sierra Madre Occ.,21.0,8.2,12.9
2023-10-24,Sierra Madre Occ.,14.6,0.5,8.2
2023-10-25,Sierra Madre Occ.,17.1,1.8,10.3
2023-10-26,Sierra Madre Occ.,17.3,4.6,11.5
2023-10-27,Sierra Madre Occ.,13.8,1.4,8.6
2023-10-28,Sierra Madre Occ.,20.5,5.3,13.3
2023-10-29,Sierra Madre Occ.,16.0,5.3,12.2
2023-10-30,Sierra Madre Occ.,18.3,5.7,11.5
2023-10-31,Sierra Madre Occ.,17.8,3.6,10.9
2023-11-01,Sierra Madre Occ.,17.3,5.7,11.1
2023-11-02,Sierra Madre Occ.,19.7,8.2,13.5
2023-11-03,Sierra Madre Occ.,20.4,8.0,13.0
2023-11-04,Sierra Madre Occ.,20.4,10.2,15.1
2023-11-05,Sierra Madre Occ.,24.2,10.7,15.8
2023-11-06,Sierra Madre Occ.,20.8,7.3,14.5
2023-11-07,Sierra Madre Occ.,22.8,11.7,17.3
2023-11-08,Sierra Madre Occ.,16.1,1.2,9.4
2023-11-09,Sierra Madre Occ.,23.6,11.8,17.4
2023-11-10,Sierra Madre Occ.,18.8,7.4,13.5
2023-11-11,Sierra Madre Occ.,19.0,8.0,13.5
2023-11-12,Sierra Madre Occ.,22.4,6.7,14.6
2023-11-13,Sierra Madre Occ.,27.2,12.5,19.2
2023-11-14,Sierra Madre Occ.,21.8,8.2,14.1
2023-11-15,Sierra Madre Occ.,26.4,11.3,18.4
2023-11-16,Sierra Madre Occ.,27.0,11.7,18.4
2023-11-17,Sierra Madre Occ.,22.4,8.7,14.9
2023-11-18,Sierra Madre Occ.,26.9,11.2,19.4
2023-11-19,Sierra Madre Occ.,27.4,13.9,21.3
2023-11-20,Sierra Madre Occ.,24.5,11.3,17.1
2023-11-21,Sierra Madre Occ.,22.8,10.4,15.8
2023-11-22,Sierra Madre Occ.,27.1,13.0,20.5
2023-11-23,Sierra Madre Occ.,22.9,10.3,16.6
2023-11-24,Sierra Madre Occ.,24.5,12.9,18.9
2023-11-25,Sierra Madre Occ.,26.0,11.6,19.8
2023-11-26,Sierra Madre Occ.,24.8,13.2,17.9
2023-11-27,Sierra Madre Occ.,25.7,14.9,19.2
2023-11-28,Sierra Madre Occ.,26.6,14.0,21.8
2023-11-29,Sierra Madre Occ.,27.4,13.9,19.8
2023-11-30,Sierra Madre Occ.,33.2,16.0,24.1
2023-12-01,Sierra Madre Occ.,21.2,12.9,17.2
2023-12-02,Sierra Madre Occ.,33.1,18.8,25.3
2023-12-03,Sierra Madre Occ.,28.2,12.7,18.7
2023-12-04,Sierra Madre Occ.,29.4,16.3,21.1
2023-12-05,Sierra Madre Occ.,24.6,12.4,18.6
2023-12-06,Sierra Madre Occ.,29.6,15.3,22.3
2023-12-07,Sierra Madre Occ.,31.4,17.1,24.3
2023-12-08,Sierra Madre Occ.,28.1,14.2,22.7
2023-12-09,Sierra Madre Occ.,27.5,17.1,22.8
2023-12-10,Sierra Madre Occ.,28.3,15.4,22.7
2023-12-11,Sierra Madre Occ.,28.0,12.5,19.9
2023-12-12,Sierra Madre Occ.,30.1,17.2,22.4
2023-12-13,Sierra Madre Occ.,30.3,17.4,23.2
2023-12-14,Sierra Madre Occ.,22.8,11.4,18.2
2023-12-15,Sierra Madre Occ.,32.2,18.3,24.7
2023-12-16,Sierra Madre Occ.,32.0,18.0,25.1
2023-12-17,Sierra Madre Occ.,24.6,12.2,19.6
2023-12-18,Sierra Madre Occ.,30.2,16.3,22.7
2023-12-19,Sierra Madre Occ.,29.6,18.1,23.7
2023-12-20,Sierra Madre Occ.,28.7,15.2,21.7
2023-12-21,Sierra Madre Occ.,28.5,14.4,22.6
2023-12-22,Sierra Madre Occ.,31.0,19.6,24.2
2023-12-23,Sierra Madre Occ.,25.2,12.1,19.8
2023-12-24,Sierra Madre Occ.,30.8,18.3,23.7
2023-12-25,Sierra Madre Occ.,30.7,18.9,24.4
2023-12-26,Sierra Madre Occ.,30.7,17.5,24.5
2023-12-27,Sierra Madre Occ.,29.6,18.4,23.9
2023-12-28,Sierra Madre Occ.,31.9,20.4,25.4
2023-12-29,Sierra Madre Occ.,30.2,18.1,24.6
2023-12-30,Sierra Madre Occ.,32.4,17.8,26.2
2023-12-31,Sierra Madre Occ.,29.8,16.5,22.6
2024-01-01,Sierra Madre Occ.,34.6,22.0,28.2
2024-01-02,Sierra Madre Occ.,33.4,18.1,26.6
2024-01-03,Sierra Madre Occ.,30.9,17.1,23.6
2024-01-04,Sierra Madre Occ.,28.9,16.1,23.3
2024-01-05,Sierra Madre Occ.,31.9,20.7,24.9
2024-01-06,Sierra Madre Occ.,28.5,14.4,22.0
2024-01-07,Sierra Madre Occ.,29.8,18.0,23.6
2024-01-08,Sierra Madre Occ.,28.1,17.8,23.8
2024-01-09,Sierra Madre Occ.,28.4,15.0,21.1
2024-01-10,Sierra Madre Occ.,32.9,20.8,27.5
2024-01-11,Sierra Madre Occ.,31.2,19.1,24.6
2024-01-12,Sierra Madre Occ.,29.4,15.6,24.7
2024-01-13,Sierra Madre Occ.,30.7,16.3,23.3
2024-01-14,Sierra Madre Occ.,28.4,15.6,25.2
2024-01-15,Sierra Madre Occ.,28.4,17.6,23.1
2024-01-16,Sierra Madre Occ.,31.8,20.4,25.3
2024-01-17,Sierra Madre Occ.,31.6,17.2,25.1
2024-01-18,Sierra Madre Occ.,36.4,21.0,28.6
2024-01-19,Sierra Madre Occ.,27.6,15.8,21.8
2024-01-20,Sierra Madre Occ.,29.8,20.2,24.9
2024-01-21,Sierra Madre Occ.,37.3,22.7,28.3
2024-01-22,Sierra Madre Occ.,30.8,21.0,25.0
2024-01-23,Sierra Madre Occ.,34.4,20.1,26.6
2024-01-24,Sierra Madre Occ.,37.5,22.2,28.9
2024-01-25,Sierra Madre Occ.,34.7,23.2,28.4
2024-01-26,Sierra Madre Occ.,32.9,23.6,27.7
2024-01-27,Sierra Madre Occ.,34.7,20.7,27.1
2024-01-28,Sierra Madre Occ.,33.9,19.5,25.7
2024-01-29,Sierra Madre Occ.,34.1,24.3,30.5
2024-01-30,Sierra Madre Occ.,30.7,18.9,25.0
2024-01-31,Sierra Madre Occ.,31.2,19.1,25.3
2024-02-01,Sierra Madre Occ.,28.6,15.8,22.3
2024-02-02,Sierra Madre Occ.,28.6,15.1,21.9
2024-02-03,Sierra Madre Occ.,34.9,19.1,27.5
2024-02-04,Sierra Madre Occ.,30.9,14.7,23.0
2024-02-05,Sierra Madre Occ.,30.9,18.7,24.9
2024-02-06,Sierra Madre Occ.,33.3,20.5,26.1
2024-02-07,Sierra Madre Occ.,28.7,15.6,21.7
2024-02-08,Sierra Madre Occ.,30.2,18.5,23.1
2024-02-09,Sierra Madre Occ.,29.3,16.7,22.7
2024-02-10,Sierra Madre Occ.,30.2,18.7,24.1
2024-02-11,Sierra Madre Occ.,29.5,17.4,23.0
2024-02-12,Sierra Madre Occ.,31.5,17.7,23.7
2024-02-13,Sierra Madre Occ.,26.0,13.8,20.9
2024-02-14,Sierra Madre Occ.,30.0,17.5,24.2
2024-02-15,Sierra Madre Occ.,31.2,19.8,25.5
2024-02-16,Sierra Madre Occ.,31.8,16.9,22.5
2024-02-17,Sierra Madre Occ.,31.5,20.0,26.3
2024-02-18,Sierra Madre Occ.,31.0,15.8,22.6
2024-02-19,Sierra Madre Occ.,28.4,16.9,22.2
2024-02-20,Sierra Madre Occ.,29.2,16.7,22.9
2024-02-21,Sierra Madre Occ.,30.6,17.9,24.9
2024-02-22,Sierra Madre Occ.,26.8,17.0,22.3
2024-02-23,Sierra Madre Occ.,28.7,15.7,22.7
2024-02-24,Sierra Madre Occ.,28.9,16.0,21.9
2024-02-25,Sierra Madre Occ.,25.7,16.1,20.9
2024-02-26,Sierra Madre Occ.,27.5,13.6,20.9
2024-02-27,Sierra Madre Occ.,28.5,15.2,21.8
2024-02-28,Sierra Madre Occ.,29.9,16.9,23.7
2024-02-29,Sierra Madre Occ.,29.2,18.7,23.1
2024-03-01,Sierra Madre Occ.,27.0,14.9,22.2
2024-03-02,Sierra Madre Occ.,31.9,15.3,23.2
2024-03-03,Sierra Madre Occ.,27.9,17.1,23.3
2024-03-04,Sierra Madre Occ.,24.8,12.5,18.2
2024-03-05,Sierra Madre Occ.,24.9,13.9,19.5
2024-03-06,Sierra Madre Occ.,29.4,15.7,21.6
2024-03-07,Sierra Madre Occ.,22.7,12.4,16.7
2024-03-08,Sierra Madre Occ.,23.7,9.8,15.8
2024-03-09,Sierra Madre Occ.,27.2,13.1,19.8
2024-03-10,Sierra Madre Occ.,22.1,8.9,16.2
2024-03-11,Sierra Madre Occ.,23.7,13.5,18.4
2024-03-12,Sierra Madre Occ.,25.8,13.1,19.8
2024-03-13,Sierra Madre Occ.,28.9,16.2,20.3
2024-03-14,Sierra Madre Occ.,26.5,13.9,20.4
2024-03-15,Sierra Madre Occ.,26.8,11.1,18.7
2024-03-16,Sierra Madre Occ.,21.3,9.9,16.9
2024-03-17,Sierra Madre Occ.,24.6,10.2,16.5
2024-03-18,Sierra Madre Occ.,25.8,12.5,18.6
2024-03-19,Sierra Madre Occ.,22.1,7.8,15.9
2024-03-20,Sierra Madre Occ.,21.7,9.6,17.3
2024-03-21,Sierra Madre Occ.,28.4,14.0,20.3
2024-03-22,Sierra Madre Occ.,22.2,7.1,15.1
2024-03-23,Sierra Madre Occ.,22.7,9.8,16.2
2024-03-24,Sierra Madre Occ.,18.8,6.6,13.0
2024-03-25,Sierra Madre Occ.,19.6,7.6,13.1
2024-03-26,Sierra Madre Occ.,22.0,7.8,14.9
2024-03-27,Sierra Madre Occ.,22.8,7.8,14.8
2024-03-28,Sierra Madre Occ.,26.5,10.2,17.2
2024-03-29,Sierra Madre Occ.,19.3,7.6,12.7
2024-03-30,Sierra Madre Occ.,20.7,7.9,14.0
2024-03-31,Sierra Madre Occ.,19.3,7.1,12.4
2024-04-01,Sierra Madre Occ.,18.3,5.1,12.8
2024-04-02,Sierra Madre Occ.,23.5,8.7,15.1
2024-04-03,Sierra Madre Occ.,17.2,5.2,11.8
2024-04-04,Sierra Madre Occ.,18.4,5.0,12.0
2024-04-05,Sierra Madre Occ.,21.4,8.8,15.6
2024-04-06,Sierra Madre Occ.,22.7,8.5,14.5
2024-04-07,Sierra Madre Occ.,13.9,1.0,7.9
2024-04-08,Sierra Madre Occ.,23.4,10.1,17.8
2024-04-09,Sierra Madre Occ.,15.0,0.9,8.4
2024-04-10,Sierra Madre Occ.,19.5,7.7,13.5
2024-04-11,Sierra Madre Occ.,16.7,3.9,9.5
2024-04-12,Sierra Madre Occ.,16.5,0.8,8.5
2024-04-13,Sierra Madre Occ.,16.6,5.4,11.1
2024-04-14,Sierra Madre Occ.,15.6,4.9,10.3
2024-04-15,Sierra Madre Occ.,17.0,-0.2,9.4
2024-04-16,Sierra Madre Occ.,15.8,2.8,9.6
2024-04-17,Sierra Madre Occ.,14.1,0.3,7.8
2024-04-18,Sierra Madre Occ.,14.8,1.3,7.6
2024-04-19,Sierra Madre Occ.,12.5,-0.0,6.7
2024-04-20,Sierra Madre Occ.,16.8,2.8,8.9
2024-04-21,Sierra Madre Occ.,13.8,1.8,7.2
2024-04-22,Sierra Madre Occ.,11.0,-5.4,4.3
2024-04-23,Sierra Madre Occ.,16.8,2.6,8.6
2024-04-24,Sierra Madre Occ.,9.4,-2.1,5.3
2024-04-25,Sierra Madre Occ.,12.6,-0.2,7.0
2024-04-26,Sierra Madre Occ.,16.6,2.4,9.1
2024-04-27,Sierra Madre Occ.,15.4,1.6,8.4
2024-04-28,Sierra Madre Occ.,16.4,1.0,8.5
2024-04-29,Sierra Madre Occ.,15.0,3.0,9.1
2024-04-30,Sierra Madre Occ.,13.8,0.2,6.5
2024-05-01,Sierra Madre Occ.,12.6,1.1,6.1
2024-05-02,Sierra Madre Occ.,10.6,-2.5,5.0
2024-05-03,Sierra Madre Occ.,12.8,-2.0,4.2
2024-05-04,Sierra Madre Occ.,15.2,1.1,7.8
2024-05-05,Sierra Madre Occ.,10.2,-6.4,2.2
2024-05-06,Sierra Madre Occ.,6.8,-6.5,-0.6
2024-05-07,Sierra Madre Occ.,11.2,-0.5,5.7
2024-05-08,Sierra Madre Occ.,6.5,-4.9,1.7
2024-05-09,Sierra Madre Occ.,13.7,0.2,6.6
2024-05-10,Sierra Madre Occ.,7.9,-6.1,0.8
2024-05-11,Sierra Madre Occ.,6.3,-4.5,2.4
2024-05-12,Sierra Madre Occ.,8.2,-5.1,1.7
2024-05-13,Sierra Madre Occ.,6.4,-4.5,2.1
2024-05-14,Sierra Madre Occ.,7.4,-5.8,2.2
2024-05-15,Sierra Madre Occ.,6.2,-8.1,-0.1
2024-05-16,Sierra Madre Occ.,11.0,-3.8,4.8
2024-05-17,Sierra Madre Occ.,6.8,-6.9,0.0
2024-05-18,Sierra Madre Occ.,8.9,-1.3,3.2
2024-05-19,Sierra Madre Occ.,6.8,-7.6,0.1
2024-05-20,Sierra Madre Occ.,7.4,-5.4,-0.4
2024-05-21,Sierra Madre Occ.,3.6,-9.5,-2.7
2024-05-22,Sierra Madre Occ.,4.0,-10.0,-1.7
2024-05-23,Sierra Madre Occ.,5.8,-8.9,-1.3
2024-05-24,Sierra Madre Occ.,8.6,-2.3,1.9
2024-05-25,Sierra Madre Occ.,6.3,-7.4,-1.0
2024-05-26,Sierra Madre Occ.,4.0,-9.1,-2.9
2024-05-27,Sierra Madre Occ.,7.5,-3.7,1.6
2024-05-28,Sierra Madre Occ.,1.0,-11.3,-3.8
2024-05-29,Sierra Madre Occ.,5.3,-11.2,-3.0
2024-05-30,Sierra Madre Occ.,8.1,-6.4,-0.1
2024-05-31,Sierra Madre Occ.,6.9,-7.4,-1.2
2024-06-01,Sierra Madre Occ.,4.2,-10.0,-0.6
2024-06-02,Sierra Madre Occ.,1.7,-9.9,-4.3
2024-06-03,Sierra Madre Occ.,4.4,-9.9,-3.0
2024-06-04,Sierra Madre Occ.,5.0,-4.9,-1.2
2024-06-05,Sierra Madre Occ.,4.5,-8.0,-3.1
2024-06-06,Sierra Madre Occ.,4.2,-5.8,-0.2
2024-06-07,Sierra Madre Occ.,1.8,-12.2,-5.6
2024-06-08,Sierra Madre Occ.,-2.2,-13.3,-7.7
2024-06-09,Sierra Madre Occ.,1.5,-13.6,-5.5
2024-06-10,Sierra Madre Occ.,5.4,-7.8,-1.7
2024-06-11,Sierra Madre Occ.,3.9,-6.7,-1.6
2024-06-12,Sierra Madre Occ.,5.2,-7.8,-2.3
2024-06-13,Sierra Madre Occ.,-2.6,-14.7,-7.9
2024-06-14,Sierra Madre Occ.,4.8,-10.6,-3.9
2024-06-15,Sierra Madre Occ.,0.8,-11.9,-6.4
2024-06-16,Sierra Madre Occ.,4.7,-10.3,-3.9
2024-06-17,Sierra Madre Occ.,-1.3,-17.4,-9.2
2024-06-18,Sierra Madre Occ.,5.6,-9.2,-1.6
2024-06-19,Sierra Madre Occ.,0.8,-10.8,-4.9
2024-06-20,Sierra Madre Occ.,-0.3,-13.5,-6.1
2024-06-21,Sierra Madre Occ.,-4.5,-18.3,-11.5
2024-06-22,Sierra Madre Occ.,3.0,-9.1,-3.2
2024-06-23,Sierra Madre Occ.,1.6,-12.4,-6.4
2024-06-24,Sierra Madre Occ.,0.2,-14.1,-5.6
2024-06-25,Sierra Madre Occ.,4.3,-8.3,-3.0
2024-06-26,Sierra Madre Occ.,-3.6,-14.8,-9.2
2024-06-27,Sierra Madre Occ.,1.0,-9.8,-6.2
2024-06-28,Sierra Madre Occ.,-2.8,-17.9,-9.2
2024-06-29,Sierra Madre Occ.,3.5,-11.2,-5.2
2024-06-30,Sierra Madre Occ.,-0.9,-12.8,-6.4
2024-07-01,Sierra Madre Occ.,-6.0,-17.3,-10.7
2024-07-02,Sierra Madre Occ.,1.3,-13.0,-5.4
2024-07-03,Sierra Madre Occ.,-0.7,-11.6,-7.0
2024-07-04,Sierra Madre Occ.,-3.4,-17.2,-11.0
2024-07-05,Sierra Madre Occ.,-4.1,-16.1,-9.8
2024-07-06,Sierra Madre Occ.,-0.4,-14.1,-7.3
2024-07-07,Sierra Madre Occ.,-0.2,-16.5,-6.6
2024-07-08,Sierra Madre Occ.,0.6,-14.5,-6.8
2024-07-09,Sierra Madre Occ.,1.9,-13.0,-5.8
2024-07-10,Sierra Madre Occ.,-5.3,-15.3,-9.3
2024-07-11,Sierra Madre Occ.,2.1,-13.2,-5.6
2024-07-12,Sierra Madre Occ.,0.6,-13.5,-5.6
2024-07-13,Sierra Madre Occ.,-3.8,-14.2,-8.0
2024-07-14,Sierra Madre Occ.,2.0,-10.9,-6.5
2024-07-15,Sierra Madre Occ.,-0.8,-13.3,-7.8
2024-07-16,Sierra Madre Occ.,0.2,-13.6,-6.7
2024-07-17,Sierra Madre Occ.,-0.5,-14.9,-7.8
2024-07-18,Sierra Madre Occ.,-1.4,-16.4,-9.7
2024-07-19,Sierra Madre Occ.,-4.6,-15.9,-10.9
2024-07-20,Sierra Madre Occ.,-3.1,-16.0,-10.5
2024-07-21,Sierra Madre Occ.,-4.3,-15.7,-9.5
2024-07-22,Sierra Madre Occ.,-0.7,-15.4,-8.2
2024-07-23,Sierra Madre Occ.,0.2,-12.8,-6.5
2024-07-24,Sierra Madre Occ.,1.8,-12.8,-6.8
2024-07-25,Sierra Madre Occ.,0.5,-14.6,-6.9
2024-07-26,Sierra Madre Occ.,-3.4,-14.0,-8.9
2024-07-27,Sierra Madre Occ.,-1.6,-13.9,-6.6
2024-07-28,Sierra Madre Occ.,-1.9,-14.8,-7.3
2024-07-29,Sierra Madre Occ.,0.8,-12.6,-6.4
2024-07-30,Sierra Madre Occ.,-7.4,-16.9,-12.6
2024-07-31,Sierra Madre Occ.,1.0,-15.7,-7.7
2024-08-01,Sierra Madre Occ.,-1.7,-15.3,-7.3
2024-08-02,Sierra Madre Occ.,-1.2,-14.3,-8.9
2024-08-03,Sierra Madre Occ.,-2.0,-15.5,-6.5
2024-08-04,Sierra Madre Occ.,0.9,-13.2,-6.2
2024-08-05,Sierra Madre Occ.,-1.4,-13.7,-6.9
2024-08-06,Sierra Madre Occ.,-0.0,-15.5,-5.8
2024-08-07,Sierra Madre Occ.,4.1,-9.8,-4.5
2024-08-08,Sierra Madre Occ.,-2.7,-11.6,-9.1
2024-08-09,Sierra Madre Occ.,-2.4,-14.0,-9.7
2024-08-10,Sierra Madre Occ.,0.1,-13.2,-6.6
2024-08-11,Sierra Madre Occ.,-2.7,-15.5,-8.6
2024-08-12,Sierra Madre Occ.,0.6,-10.9,-4.7
2024-08-13,Sierra Madre Occ.,-1.5,-11.9,-8.3
2024-08-14,Sierra Madre Occ.,-2.0,-14.2,-8.3
2024-08-15,Sierra Madre Occ.,0.1,-13.0,-5.3
2024-08-16,Sierra Madre Occ.,0.9,-8.7,-3.9
2024-08-17,Sierra Madre Occ.,3.2,-9.5,-1.5
2024-08-18,Sierra Madre Occ.,2.9,-12.2,-6.6
2024-08-19,Sierra Madre Occ.,3.0,-14.4,-6.1
2024-08-20,Sierra Madre Occ.,2.3,-8.0,-3.4
2024-08-21,Sierra Madre Occ.,6.2,-7.8,-1.3
2024-08-22,Sierra Madre Occ.,-0.6,-11.8,-6.8
2024-08-23,Sierra Madre Occ.,0.7,-12.9,-6.2
2024-08-24,Sierra Madre Occ.,1.2,-11.3,-5.7
2024-08-25,Sierra Madre Occ.,-0.3,-17.1,-7.9
2024-08-26,Sierra Madre Occ.,4.5,-11.4,-4.1
2024-08-27,Sierra Madre Occ.,1.4,-10.2,-5.9
2024-08-28,Sierra Madre Occ.,9.0,-5.7,1.2
2024-08-29,Sierra Madre Occ.,8.7,-4.3,0.8
2024-08-30,Sierra Madre Occ.,3.9,-10.5,-2.4
2024-08-31,Sierra Madre Occ.,4.3,-8.9,-2.2
2024-09-01,Sierra Madre Occ.,5.5,-6.9,-1.7
2024-09-02,Sierra Madre Occ.,3.7,-7.3,-1.1
2024-09-03,Sierra Madre Occ.,4.0,-9.6,-3.1
2024-09-04,Sierra Madre Occ.,4.6,-10.0,-4.9
2024-09-05,Sierra Madre Occ.,5.3,-7.6,-0.6
2024-09-06,Sierra Madre Occ.,9.0,-0.4,4.4
2024-09-07,Sierra Madre Occ.,7.4,-8.6,0.0
2024-09-08,Sierra Madre Occ.,1.8,-12.4,-3.9
2024-09-09,Sierra Madre Occ.,4.3,-4.5,-1.3
2024-09-10,Sierra Madre Occ.,8.6,-4.0,3.4
2024-09-11,Sierra Madre Occ.,4.5,-11.5,-3.8
2024-09-12,Sierra Madre Occ.,3.4,-11.1,-4.3
2024-09-13,Sierra Madre Occ.,1.4,-10.2,-3.3
2024-09-14,Sierra Madre Occ.,9.6,-2.3,3.3
2024-09-15,Sierra Madre Occ.,4.2,-7.0,-2.3
2024-09-16,Sierra Madre Occ.,1.9,-11.3,-5.1
2024-09-17,Sierra Madre Occ.,6.8,-7.0,1.1
2024-09-18,Sierra Madre Occ.,7.1,-6.1,0.9
2024-09-19,Sierra Madre Occ.,6.4,-6.9,1.7
2024-09-20,Sierra Madre Occ.,5.2,-5.7,-0.2
2024-09-21,Sierra Madre Occ.,9.5,-4.3,3.5
2024-09-22,Sierra Madre Occ.,7.4,-9.3,0.1
2024-09-23,Sierra Madre Occ.,7.4,-5.3,1.1
2024-09-24,Sierra Madre Occ.,5.6,-8.5,0.3
2024-09-25,Sierra Madre Occ.,7.8,-5.8,0.7
2024-09-26,Sierra Madre Occ.,7.9,-7.9,0.9
2024-09-27,Sierra Madre Occ.,6.6,-3.7,0.8
2024-09-28,Sierra Madre Occ.,7.0,-6.0,2.0
2024-09-29,Sierra Madre Occ.,9.8,-3.2,3.5
2024-09-30,Sierra Madre Occ.,10.8,-2.9,3.8
2024-10-01,Sierra Madre Occ.,13.3,1.0,7.8
2024-10-02,Sierra Madre Occ.,6.8,-3.9,0.3
2024-10-03,Sierra Madre Occ.,10.8,-4.9,1.6
2024-10-04,Sierra Madre Occ.,15.3,1.4,7.5
2024-10-05,Sierra Madre Occ.,13.6,0.9,7.2
2024-10-06,Sierra Madre Occ.,11.0,-3.7,4.3
2024-10-07,Sierra Madre Occ.,12.6,-2.7,5.0
2024-10-08,Sierra Madre Occ.,17.4,1.1,9.6
2024-10-09,Sierra Madre Occ.,13.0,-1.6,5.1
2024-10-10,Sierra Madre Occ.,9.5,-1.6,2.7
2024-10-11,Sierra Madre Occ.,17.6,2.8,10.0
2024-10-12,Sierra Madre Occ.,11.7,-0.5,6.0
2024-10-13,Sierra Madre Occ.,13.6,-0.3,6.5
2024-10-14,Sierra Madre Occ.,13.5,-2.8,6.1
2024-10-15,Sierra Madre Occ.,12.0,1.8,8.5
2024-10-16,Sierra Madre Occ.,13.8,1.8,9.6
2024-10-17,Sierra Madre Occ.,13.1,1.6,8.1
2024-10-18,Sierra Madre Occ.,11.5,1.1,6.5
2024-10-19,Sierra Madre Occ.,16.8,1.3,9.8
2024-10-20,Sierra Madre Occ.,12.9,1.2,7.2
2024-10-21,Sierra Madre Occ.,14.6,0.9,9.5
2024-10-22,Sierra Madre Occ.,22.3,8.7,13.4
2024-10-23,Sierra Madre Occ.,16.7,5.6,12.5
2024-10-24,Sierra Madre Occ.,24.3,9.5,13.7
2024-10-25,Sierra Madre Occ.,17.3,2.5,10.7
2024-10-26,Sierra Madre Occ.,16.9,5.5,10.6
2024-10-27,Sierra Madre Occ.,18.5,8.5,15.0
2024-10-28,Sierra Madre Occ.,19.7,6.5,13.7
2024-10-29,Sierra Madre Occ.,20.6,9.2,14.1
2024-10-30,Sierra Madre Occ.,20.2,5.5,13.1
2024-10-31,Sierra Madre Occ.,16.3,1.8,10.3
2024-11-01,Sierra Madre Occ.,20.5,8.2,15.5
2024-11-02,Sierra Madre Occ.,22.6,11.7,18.2
2024-11-03,Sierra Madre Occ.,19.0,3.6,10.4
2024-11-04,Sierra Madre Occ.,21.6,9.7,13.9
2024-11-05,Sierra Madre Occ.,17.4,5.9,11.4
2024-11-06,Sierra Madre Occ.,22.1,11.5,15.8
2024-11-07,Sierra Madre Occ.,16.5,5.0,10.0
2024-11-08,Sierra Madre Occ.,28.4,13.3,19.5
2024-11-09,Sierra Madre Occ.,18.4,6.6,12.9
2024-11-10,Sierra Madre Occ.,21.8,10.0,16.8
2024-11-11,Sierra Madre Occ.,18.2,4.9,12.6
2024-11-12,Sierra Madre Occ.,25.1,11.9,18.7
2024-11-13,Sierra Madre Occ.,21.7,8.8,16.2
2024-11-14,Sierra Madre Occ.,19.5,6.0,11.8
2024-11-15,Sierra Madre Occ.,25.7,12.9,19.6
2024-11-16,Sierra Madre Occ.,23.3,9.4,14.8
2024-11-17,Sierra Madre Occ.,28.5,14.5,20.3
2024-11-18,Sierra Madre Occ.,18.3,6.2,13.0
2024-11-19,Sierra Madre Occ.,19.3,8.2,14.6
2024-11-20,Sierra Madre Occ.,29.6,18.1,24.4
2024-11-21,Sierra Madre Occ.,25.7,14.0,20.9
2024-11-22,Sierra Madre Occ.,25.3,13.0,17.4
2024-11-23,Sierra Madre Occ.,22.7,10.0,15.3
2024-11-24,Sierra Madre Occ.,24.0,13.6,18.5
2024-11-25,Sierra Madre Occ.,25.9,12.0,19.6
2024-11-26,Sierra Madre Occ.,32.9,16.6,24.2
2024-11-27,Sierra Madre Occ.,24.5,9.8,18.2
2024-11-28,Sierra Madre Occ.,28.3,13.8,20.2
2024-11-29,Sierra Madre Occ.,26.3,14.1,19.0
2024-11-30,Sierra Madre Occ.,26.0,15.5,19.5
2024-12-01,Sierra Madre Occ.,27.5,15.8,23.7
2024-12-02,Sierra Madre Occ.,26.6,12.6,19.3
2024-12-03,Sierra Madre Occ.,26.3,14.1,20.1
2024-12-04,Sierra Madre Occ.,27.3,13.9,19.3
2024-12-05,Sierra Madre Occ.,26.9,14.5,19.9
2024-12-06,Sierra Madre Occ.,32.7,15.5,22.8
2024-12-07,Sierra Madre Occ.,27.1,12.6,20.5
2024-12-08,Sierra Madre Occ.,31.9,19.1,25.2
2024-12-09,Sierra Madre Occ.,28.3,16.3,22.3
2024-12-10,Sierra Madre Occ.,31.4,19.9,25.2
2024-12-11,Sierra Madre Occ.,31.9,16.8,22.8
2024-12-12,Sierra Madre Occ.,24.5,13.2,18.9
2024-12-13,Sierra Madre Occ.,28.6,15.7,22.7
2024-12-14,Sierra Madre Occ.,31.2,19.0,23.7
2024-12-15,Sierra Madre Occ.,25.1,12.5,19.9
2024-12-16,Sierra Madre Occ.,31.6,20.3,26.2
2024-12-17,Sierra Madre Occ.,30.6,18.1,22.8
2024-12-18,Sierra Madre Occ.,31.0,15.0,24.5
2024-12-19,Sierra Madre Occ.,31.2,15.4,22.7
2024-12-20,Sierra Madre Occ.,30.9,16.5,23.4
2024-12-21,Sierra Madre Occ.,29.3,18.6,25.4
2024-12-22,Sierra Madre Occ.,27.9,17.6,21.4
2024-12-23,Sierra Madre Occ.,33.5,16.9,24.4
2024-12-24,Sierra Madre Occ.,28.7,15.5,22.5
2024-12-25,Sierra Madre Occ.,30.6,18.2,25.1
2024-12-26,Sierra Madre Occ.,30.9,17.6,23.8
2024-12-27,Sierra Madre Occ.,29.2,17.8,23.7
2024-12-28,Sierra Madre Occ.,34.5,23.8,29.3
2024-12-29,Sierra Madre Occ.,26.6,12.0,20.7
2024-12-30,Sierra Madre Occ.,34.7,20.4,27.4
2024-12-31,Sierra Madre Occ.,28.6,16.9,23.7
